1, 1, 0.33044594526290894, 1.0, 0.0, 37.0
1, 9, 0.27324414253234863, 1.0, 0.0, 90.0
1, 13, 0.25836431980133057, 1.0, 0.0, 45.0
1, 21, 0.26200249791145325, 1.0, 0.0, 88.0
1, 22, 0.3181818127632141, 1.0, 0.0, 66.0
1, 14, 0.2581377625465393, 1.0, 0.0, 65.0
1, 11, 0.27694904804229736, 1.0, 0.0, 47.0
1, 6, 0.2148335576057434, 1.0, 0.0, 55.0
1, 23, 0.23615331947803497, 1.0, 0.0, 20.0
1, 0, 0.20203803479671478, 1.0, 0.0, 31.0
1, 3, 0.2863385081291199, 1.0, 0.0, 15.0
1, 7, 0.23258686065673828, 1.0, 0.0, 52.0
1, 18, 0.2253648340702057, 1.0, 0.0, 28.0
1, 5, 0.2856270670890808, 1.0, 0.0, 86.0
1, 8, 0.27992650866508484, 1.0, 0.0, 43.0
1, 12, 0.23040078580379486, 1.0, 0.0, 89.0
1, 20, 0.2640168368816376, 1.0, 0.0, 43.0
1, 17, 0.28387200832366943, 1.0, 0.0, 66.0
1, 16, 0.2673748731613159, 1.0, 0.0, 59.0
1, 15, 0.26413941383361816, 1.0, 0.0, 20.0
1, 4, 0.22004398703575134, 1.0, 0.0, 74.0
1, 19, 0.2945335805416107, 1.0, 0.0, 18.0
1, 10, 0.2434438019990921, 1.0, 0.0, 20.0
1, 2, 0.26256895065307617, 1.0, 0.0, 66.0
2, 2, 0.6467908024787903, 1.0, 0.0, 68.0
2, 5, 0.6807953715324402, 1.0, 0.0, 57.0
2, 4, 0.37410345673561096, 1.0, 0.0, 91.0
2, 16, 0.7106589674949646, 1.0, 0.0, 86.0
2, 0, 0.6967824697494507, 1.0, 0.0, 54.0
2, 20, 0.642634391784668, 1.0, 0.0, 83.0
2, 7, 0.6857401728630066, 1.0, 0.0, 30.0
2, 14, 0.7119185924530029, 1.0, 0.0, 17.0
2, 11, 0.6981893181800842, 1.0, 0.0, 77.0
2, 12, 0.46999022364616394, 1.0, 0.0, 64.0
2, 17, 0.4091705083847046, 1.0, 0.0, 86.0
2, 22, 0.647818922996521, 1.0, 0.0, 12.0
2, 19, 0.6802647113800049, 1.0, 0.0, 51.0
2, 9, 0.6686455011367798, 1.0, 0.0, 28.0
2, 18, 0.46177899837493896, 1.0, 0.0, 57.0
2, 10, 0.452146053314209, 1.0, 0.0, 47.0
2, 23, 0.4880894124507904, 1.0, 0.0, 42.0
2, 1, 0.6951395869255066, 1.0, 0.0, 88.0
2, 21, 0.7072104215621948, 1.0, 0.0, 25.0
2, 6, 0.579797625541687, 1.0, 0.0, 60.0
2, 13, 0.24765445291996002, 1.0, 0.0, 92.0
2, 3, 0.6889602541923523, 1.0, 0.0, 35.0
2, 8, 0.7105355262756348, 1.0, 0.0, 50.0
2, 15, 0.4902935028076172, 1.0, 0.0, 30.0
3, 4, 0.36387109756469727, 1.0, 0.0, 71.0
3, 13, 0.39927420020103455, 1.0, 0.0, 97.0
3, 21, 0.7086382508277893, 1.0, 0.0, 100.0
3, 23, 0.49132436513900757, 1.0, 0.0, 72.0
3, 2, 0.7073774933815002, 1.0, 0.0, 91.0
3, 5, 0.7213500738143921, 1.0, 0.0, 89.0
3, 14, 0.7469930052757263, 1.0, 0.0, 46.0
3, 17, 0.4203152358531952, 1.0, 0.0, 31.0
3, 12, 0.4973607063293457, 1.0, 0.0, 58.0
3, 15, 0.4769948124885559, 1.0, 0.0, 27.0
3, 8, 0.7097479701042175, 1.0, 0.0, 20.0
3, 9, 0.6060200929641724, 1.0, 0.0, 10.0
3, 16, 0.7017464637756348, 1.0, 0.0, 60.0
3, 11, 0.6871188879013062, 1.0, 0.0, 92.0
3, 22, 0.632331371307373, 1.0, 0.0, 77.0
3, 1, 0.6144530177116394, 1.0, 0.0, 53.0
3, 3, 0.7067059278488159, 1.0, 0.0, 21.0
3, 0, 0.733852207660675, 1.0, 0.0, 20.0
3, 10, 0.4367990493774414, 1.0, 0.0, 58.0
3, 20, 0.6916660666465759, 1.0, 0.0, 20.0
3, 6, 0.5674771666526794, 1.0, 0.0, 96.0
3, 19, 0.6637657284736633, 1.0, 0.0, 81.0
3, 18, 0.46990966796875, 1.0, 0.0, 60.0
3, 7, 0.669273853302002, 1.0, 0.0, 67.0
4, 10, 0.43553417921066284, 1.0, 0.0, 27.0
4, 22, 0.6522177457809448, 1.0, 0.0, 32.0
4, 23, 0.4910303056240082, 1.0, 0.0, 50.0
4, 7, 0.6389757990837097, 1.0, 0.0, 13.0
4, 1, 0.7175970673561096, 1.0, 0.0, 94.0
4, 0, 0.7491775751113892, 1.0, 0.0, 50.0
4, 6, 0.5602970123291016, 1.0, 0.0, 86.0
4, 4, 0.35928085446357727, 1.0, 0.0, 77.0
4, 12, 0.5107526779174805, 1.0, 0.0, 19.0
4, 20, 0.6792630553245544, 1.0, 0.0, 83.0
4, 13, 0.4596388638019562, 1.0, 0.0, 91.0
4, 11, 0.7187353372573853, 1.0, 0.0, 87.0
4, 8, 0.7130731344223022, 1.0, 0.0, 26.0
4, 19, 0.6899646520614624, 1.0, 0.0, 43.0
4, 16, 0.7186712026596069, 1.0, 0.0, 66.0
4, 2, 0.6901926398277283, 1.0, 0.0, 81.0
4, 3, 0.6732655763626099, 1.0, 0.0, 92.0
4, 15, 0.5118465423583984, 1.0, 0.0, 97.0
4, 14, 0.7461519241333008, 1.0, 0.0, 16.0
4, 18, 0.42453092336654663, 1.0, 0.0, 51.0
4, 17, 0.39523962140083313, 1.0, 0.0, 30.0
4, 5, 0.7379208207130432, 1.0, 0.0, 18.0
4, 21, 0.7150633335113525, 1.0, 0.0, 93.0
4, 9, 0.6556856036186218, 1.0, 0.0, 75.0
5, 19, 0.683800220489502, 1.0, 0.0, 16.0
5, 13, 0.34262701869010925, 1.0, 0.0, 91.0
5, 17, 0.496417760848999, 1.0, 0.0, 95.0
5, 22, 0.6618402004241943, 1.0, 0.0, 83.0
5, 15, 0.4792112410068512, 1.0, 0.0, 33.0
5, 20, 0.7351127862930298, 1.0, 0.0, 51.0
5, 16, 0.6985055804252625, 1.0, 0.0, 54.0
5, 21, 0.6965018510818481, 1.0, 0.0, 41.0
5, 14, 0.7353856563568115, 1.0, 0.0, 59.0
5, 23, 0.49054014682769775, 1.0, 0.0, 60.0
5, 2, 0.7313563823699951, 1.0, 0.0, 35.0
5, 8, 0.70204758644104, 1.0, 0.0, 76.0
5, 11, 0.6723895072937012, 1.0, 0.0, 20.0
5, 0, 0.7486159205436707, 1.0, 0.0, 86.0
5, 1, 0.6114854216575623, 1.0, 0.0, 45.0
5, 3, 0.6947565674781799, 1.0, 0.0, 44.0
5, 18, 0.4873523414134979, 1.0, 0.0, 19.0
5, 12, 0.506256103515625, 1.0, 0.0, 45.0
5, 10, 0.449869304895401, 1.0, 0.0, 51.0
5, 4, 0.37515538930892944, 1.0, 0.0, 28.0
5, 5, 0.7462933659553528, 1.0, 0.0, 94.0
5, 9, 0.6147156953811646, 1.0, 0.0, 26.0
5, 7, 0.7092046737670898, 1.0, 0.0, 13.0
5, 6, 0.5921181440353394, 1.0, 0.0, 78.0
6, 7, 0.623250424861908, 1.0, 0.0, 48.0
6, 9, 0.6482441425323486, 1.0, 0.0, 87.0
6, 20, 0.6360339522361755, 1.0, 0.0, 48.0
6, 14, 0.7157877087593079, 1.0, 0.0, 51.0
6, 0, 0.7179651856422424, 1.0, 0.0, 64.0
6, 5, 0.6691086888313293, 1.0, 0.0, 94.0
6, 6, 0.5313315987586975, 1.0, 0.0, 91.0
6, 21, 0.7072996497154236, 1.0, 0.0, 96.0
6, 15, 0.5012228488922119, 1.0, 0.0, 85.0
6, 11, 0.6985645890235901, 1.0, 0.0, 83.0
6, 3, 0.5991617441177368, 1.0, 0.0, 37.0
6, 8, 0.6808715462684631, 1.0, 0.0, 55.0
6, 22, 0.6415872573852539, 1.0, 0.0, 85.0
6, 13, 0.44326430559158325, 1.0, 0.0, 59.0
6, 18, 0.3908269703388214, 1.0, 0.0, 37.0
6, 23, 0.45760220289230347, 1.0, 0.0, 60.0
6, 16, 0.7073280811309814, 1.0, 0.0, 29.0
6, 1, 0.7248155474662781, 1.0, 0.0, 21.0
6, 10, 0.425921231508255, 1.0, 0.0, 69.0
6, 4, 0.3393898904323578, 1.0, 0.0, 10.0
6, 19, 0.6923216581344604, 1.0, 0.0, 10.0
6, 17, 0.3739054203033447, 1.0, 0.0, 12.0
6, 12, 0.47096773982048035, 1.0, 0.0, 78.0
6, 2, 0.6692510843276978, 1.0, 0.0, 39.0
7, 12, 0.47145649790763855, 1.0, 0.0, 99.0
7, 21, 0.7634302973747253, 1.0, 0.0, 39.0
7, 15, 0.4980892837047577, 1.0, 0.0, 33.0
7, 6, 0.5700065493583679, 1.0, 0.0, 34.0
7, 22, 0.6899743676185608, 1.0, 0.0, 65.0
7, 5, 0.7062619924545288, 1.0, 0.0, 94.0
7, 23, 0.45750415325164795, 1.0, 0.0, 40.0
7, 2, 0.7271201610565186, 1.0, 0.0, 40.0
7, 20, 0.6453180313110352, 1.0, 0.0, 20.0
7, 1, 0.669874906539917, 1.0, 0.0, 58.0
7, 4, 0.33623409271240234, 1.0, 0.0, 84.0
7, 17, 0.4094093441963196, 1.0, 0.0, 53.0
7, 19, 0.7551445960998535, 1.0, 0.0, 41.0
7, 8, 0.7183234095573425, 1.0, 0.0, 22.0
7, 18, 0.4182070791721344, 1.0, 0.0, 83.0
7, 3, 0.6241305470466614, 1.0, 0.0, 44.0
7, 14, 0.7182269096374512, 1.0, 0.0, 42.0
7, 11, 0.6778309345245361, 1.0, 0.0, 26.0
7, 0, 0.704485297203064, 1.0, 0.0, 56.0
7, 13, 0.291733056306839, 1.0, 0.0, 14.0
7, 9, 0.6326923370361328, 1.0, 0.0, 57.0
7, 16, 0.6974253058433533, 1.0, 0.0, 31.0
7, 7, 0.6637576222419739, 1.0, 0.0, 13.0
7, 10, 0.4155493676662445, 1.0, 0.0, 77.0
8, 8, 0.6538326740264893, 1.0, 0.0, 21.0
8, 19, 0.631493091583252, 1.0, 0.0, 68.0
8, 22, 0.600256621837616, 1.0, 0.0, 66.0
8, 17, 0.37907975912094116, 1.0, 0.0, 65.0
8, 21, 0.6685703992843628, 1.0, 0.0, 37.0
8, 23, 0.49397116899490356, 1.0, 0.0, 56.0
8, 7, 0.6090070605278015, 1.0, 0.0, 49.0
8, 4, 0.3474227786064148, 1.0, 0.0, 91.0
8, 20, 0.6291434168815613, 1.0, 0.0, 48.0
8, 0, 0.7143545150756836, 1.0, 0.0, 83.0
8, 3, 0.6378633975982666, 1.0, 0.0, 65.0
8, 5, 0.6796616315841675, 1.0, 0.0, 72.0
8, 16, 0.6756391525268555, 1.0, 0.0, 41.0
8, 13, 0.4081253409385681, 1.0, 0.0, 13.0
8, 9, 0.6249163746833801, 1.0, 0.0, 27.0
8, 12, 0.5030303001403809, 1.0, 0.0, 85.0
8, 2, 0.6375190019607544, 1.0, 0.0, 46.0
8, 1, 0.6369104981422424, 1.0, 0.0, 29.0
8, 18, 0.3829742968082428, 1.0, 0.0, 89.0
8, 10, 0.43435364961624146, 1.0, 0.0, 86.0
8, 11, 0.6521249413490295, 1.0, 0.0, 27.0
8, 14, 0.6920682787895203, 1.0, 0.0, 48.0
8, 15, 0.46652400493621826, 1.0, 0.0, 22.0
8, 6, 0.5990535020828247, 1.0, 0.0, 86.0
9, 15, 0.4563589096069336, 1.0, 0.0, 44.0
9, 17, 0.449928343296051, 1.0, 0.0, 12.0
9, 10, 0.4237288236618042, 1.0, 0.0, 30.0
9, 0, 0.6996710300445557, 1.0, 0.0, 58.0
9, 16, 0.6985955834388733, 1.0, 0.0, 71.0
9, 3, 0.7132156491279602, 1.0, 0.0, 26.0
9, 2, 0.6896331310272217, 1.0, 0.0, 80.0
9, 22, 0.6714625954627991, 1.0, 0.0, 79.0
9, 13, 0.27544698119163513, 1.0, 0.0, 77.0
9, 20, 0.6934793591499329, 1.0, 0.0, 65.0
9, 4, 0.3647317588329315, 1.0, 0.0, 70.0
9, 19, 0.6812618970870972, 1.0, 0.0, 91.0
9, 11, 0.6876817941665649, 1.0, 0.0, 28.0
9, 8, 0.7212985754013062, 1.0, 0.0, 30.0
9, 1, 0.6031440496444702, 1.0, 0.0, 78.0
9, 21, 0.7279136180877686, 1.0, 0.0, 73.0
9, 9, 0.5836120247840881, 1.0, 0.0, 90.0
9, 14, 0.7562452554702759, 1.0, 0.0, 14.0
9, 5, 0.7361765503883362, 1.0, 0.0, 83.0
9, 12, 0.4869990348815918, 1.0, 0.0, 14.0
9, 18, 0.45573315024375916, 1.0, 0.0, 61.0
9, 23, 0.4694637656211853, 1.0, 0.0, 57.0
9, 6, 0.6609823703765869, 1.0, 0.0, 72.0
9, 7, 0.6962786316871643, 1.0, 0.0, 97.0
10, 23, 0.4952455759048462, 1.0, 0.0, 66.0
10, 12, 0.49364614486694336, 1.0, 0.0, 80.0
10, 5, 0.6991976499557495, 1.0, 0.0, 53.0
10, 1, 0.6100416779518127, 1.0, 0.0, 11.0
10, 11, 0.6691997647285461, 1.0, 0.0, 38.0
10, 20, 0.6530064344406128, 1.0, 0.0, 33.0
10, 3, 0.6965400576591492, 1.0, 0.0, 21.0
10, 19, 0.6426434516906738, 1.0, 0.0, 87.0
10, 14, 0.7167970538139343, 1.0, 0.0, 34.0
10, 6, 0.6431135535240173, 1.0, 0.0, 36.0
10, 18, 0.4193189740180969, 1.0, 0.0, 95.0
10, 13, 0.25995752215385437, 1.0, 0.0, 14.0
10, 22, 0.6269245147705078, 1.0, 0.0, 70.0
10, 16, 0.6966150403022766, 1.0, 0.0, 74.0
10, 0, 0.695819616317749, 1.0, 0.0, 63.0
10, 7, 0.64704430103302, 1.0, 0.0, 65.0
10, 9, 0.6176421642303467, 1.0, 0.0, 28.0
10, 15, 0.44535309076309204, 1.0, 0.0, 96.0
10, 2, 0.582687258720398, 1.0, 0.0, 42.0
10, 10, 0.46260225772857666, 1.0, 0.0, 61.0
10, 4, 0.36616620421409607, 1.0, 0.0, 80.0
10, 21, 0.6817775964736938, 1.0, 0.0, 12.0
10, 17, 0.4161757826805115, 1.0, 0.0, 46.0
10, 8, 0.7040601968765259, 1.0, 0.0, 21.0
11, 13, 0.2044609636068344, 1.0, 0.0, 13.0
11, 12, 0.3555229604244232, 1.0, 0.0, 92.0
11, 7, 0.584636926651001, 1.0, 0.0, 64.0
11, 9, 0.6111204028129578, 1.0, 0.0, 100.0
11, 5, 0.6084074378013611, 1.0, 0.0, 78.0
11, 6, 0.6133322715759277, 1.0, 0.0, 60.0
11, 15, 0.4110363721847534, 1.0, 0.0, 92.0
11, 19, 0.6248753666877747, 1.0, 0.0, 72.0
11, 1, 0.5802855491638184, 1.0, 0.0, 45.0
11, 14, 0.6870216131210327, 1.0, 0.0, 88.0
11, 2, 0.4774998128414154, 1.0, 0.0, 23.0
11, 18, 0.4029881954193115, 1.0, 0.0, 91.0
11, 21, 0.6526860594749451, 1.0, 0.0, 22.0
11, 20, 0.674621045589447, 1.0, 0.0, 23.0
11, 22, 0.6129948496818542, 1.0, 0.0, 57.0
11, 17, 0.5519025921821594, 1.0, 0.0, 58.0
11, 4, 0.33680787682533264, 1.0, 0.0, 21.0
11, 10, 0.42119908332824707, 1.0, 0.0, 46.0
11, 16, 0.713089644908905, 1.0, 0.0, 38.0
11, 8, 0.6712460517883301, 1.0, 0.0, 81.0
11, 3, 0.6795077323913574, 1.0, 0.0, 99.0
11, 23, 0.4485834836959839, 1.0, 0.0, 79.0
11, 11, 0.6986584067344666, 1.0, 0.0, 61.0
11, 0, 0.6805744767189026, 1.0, 0.0, 31.0
12, 19, 0.6827123761177063, 1.0, 0.0, 33.0
12, 18, 0.4183460772037506, 1.0, 0.0, 21.0
12, 10, 0.44303902983665466, 1.0, 0.0, 48.0
12, 12, 0.5178885459899902, 1.0, 0.0, 65.0
12, 7, 0.6441627144813538, 1.0, 0.0, 91.0
12, 9, 0.6395484805107117, 1.0, 0.0, 88.0
12, 15, 0.4916692078113556, 1.0, 0.0, 48.0
12, 11, 0.7306501269340515, 1.0, 0.0, 51.0
12, 3, 0.6145889163017273, 1.0, 0.0, 84.0
12, 5, 0.7534449696540833, 1.0, 0.0, 22.0
12, 1, 0.6937760710716248, 1.0, 0.0, 54.0
12, 16, 0.7431581020355225, 1.0, 0.0, 85.0
12, 22, 0.6396627426147461, 1.0, 0.0, 91.0
12, 17, 0.4192007780075073, 1.0, 0.0, 74.0
12, 0, 0.7756559252738953, 1.0, 0.0, 43.0
12, 21, 0.714884877204895, 1.0, 0.0, 23.0
12, 8, 0.721561074256897, 1.0, 0.0, 80.0
12, 2, 0.6798816919326782, 1.0, 0.0, 15.0
12, 14, 0.7553200721740723, 1.0, 0.0, 83.0
12, 4, 0.34837907552719116, 1.0, 0.0, 35.0
12, 13, 0.4407859742641449, 1.0, 0.0, 17.0
12, 23, 0.4816194474697113, 1.0, 0.0, 78.0
12, 20, 0.7123377323150635, 1.0, 0.0, 14.0
12, 6, 0.5790632963180542, 1.0, 0.0, 49.0
13, 2, 0.7053792476654053, 1.0, 0.0, 95.0
13, 21, 0.7533464431762695, 1.0, 0.0, 37.0
13, 5, 0.693005383014679, 1.0, 0.0, 66.0
13, 22, 0.7006964683532715, 1.0, 0.0, 84.0
13, 6, 0.5917102098464966, 1.0, 0.0, 82.0
13, 18, 0.4123001992702484, 1.0, 0.0, 44.0
13, 17, 0.43042507767677307, 1.0, 0.0, 62.0
13, 23, 0.45221057534217834, 1.0, 0.0, 100.0
13, 20, 0.6572133302688599, 1.0, 0.0, 54.0
13, 14, 0.732273519039154, 1.0, 0.0, 42.0
13, 19, 0.7665669322013855, 1.0, 0.0, 15.0
13, 0, 0.7093797922134399, 1.0, 0.0, 85.0
13, 7, 0.6700147986412048, 1.0, 0.0, 46.0
13, 16, 0.742978036403656, 1.0, 0.0, 14.0
13, 8, 0.7329366207122803, 1.0, 0.0, 78.0
13, 10, 0.42727044224739075, 1.0, 0.0, 80.0
13, 15, 0.5102415084838867, 1.0, 0.0, 12.0
13, 11, 0.7410638928413391, 1.0, 0.0, 11.0
13, 4, 0.35641196370124817, 1.0, 0.0, 77.0
13, 9, 0.6528428196907043, 1.0, 0.0, 21.0
13, 13, 0.2595149576663971, 1.0, 0.0, 20.0
13, 1, 0.7549727559089661, 1.0, 0.0, 23.0
13, 12, 0.46588465571403503, 1.0, 0.0, 15.0
13, 3, 0.6302835941314697, 1.0, 0.0, 95.0
14, 20, 0.7311960458755493, 1.0, 0.0, 28.0
14, 21, 0.7024807929992676, 1.0, 0.0, 38.0
14, 3, 0.6575708985328674, 1.0, 0.0, 95.0
14, 5, 0.6899529099464417, 1.0, 0.0, 48.0
14, 22, 0.670637845993042, 1.0, 0.0, 26.0
14, 15, 0.46010392904281616, 1.0, 0.0, 92.0
14, 9, 0.5908862948417664, 1.0, 0.0, 18.0
14, 11, 0.692091166973114, 1.0, 0.0, 39.0
14, 2, 0.5737351179122925, 1.0, 0.0, 40.0
14, 17, 0.5049355030059814, 1.0, 0.0, 39.0
14, 6, 0.6994125247001648, 1.0, 0.0, 94.0
14, 12, 0.40664711594581604, 1.0, 0.0, 23.0
14, 1, 0.5765960812568665, 1.0, 0.0, 15.0
14, 18, 0.4680333435535431, 1.0, 0.0, 97.0
14, 23, 0.4759337306022644, 1.0, 0.0, 99.0
14, 4, 0.3773548901081085, 1.0, 0.0, 53.0
14, 14, 0.7496004700660706, 1.0, 0.0, 69.0
14, 16, 0.7188512682914734, 1.0, 0.0, 29.0
14, 8, 0.724973738193512, 1.0, 0.0, 21.0
14, 10, 0.4488573968410492, 1.0, 0.0, 21.0
14, 7, 0.6831879019737244, 1.0, 0.0, 62.0
14, 19, 0.6796301603317261, 1.0, 0.0, 85.0
14, 0, 0.7035224437713623, 1.0, 0.0, 99.0
14, 13, 0.22561515867710114, 1.0, 0.0, 54.0
15, 5, 0.6935287117958069, 1.0, 0.0, 62.0
15, 20, 0.6140567064285278, 1.0, 0.0, 99.0
15, 9, 0.5007525086402893, 1.0, 0.0, 48.0
15, 16, 0.4642599821090698, 1.0, 0.0, 36.0
15, 13, 0.5745264887809753, 1.0, 0.0, 14.0
15, 22, 0.6679801940917969, 1.0, 0.0, 27.0
15, 23, 0.7673757672309875, 1.0, 0.0, 34.0
15, 2, 0.6949884295463562, 1.0, 0.0, 55.0
15, 0, 0.7099414467811584, 1.0, 0.0, 34.0
15, 11, 0.6503424048423767, 1.0, 0.0, 39.0
15, 14, 0.7014046311378479, 1.0, 0.0, 33.0
15, 3, 0.45068663358688354, 1.0, 0.0, 65.0
15, 1, 0.6185434460639954, 1.0, 0.0, 53.0
15, 18, 0.6759555339813232, 1.0, 0.0, 24.0
15, 8, 0.6952222585678101, 1.0, 0.0, 42.0
15, 10, 0.7009865641593933, 1.0, 0.0, 77.0
15, 21, 0.7011422514915466, 1.0, 0.0, 89.0
15, 6, 0.5134627819061279, 1.0, 0.0, 71.0
15, 12, 0.740469217300415, 1.0, 0.0, 13.0
15, 15, 0.7076582312583923, 1.0, 0.0, 97.0
15, 19, 0.5440123081207275, 1.0, 0.0, 97.0
15, 17, 0.44276389479637146, 1.0, 0.0, 45.0
15, 4, 0.633929431438446, 1.0, 0.0, 29.0
15, 7, 0.6131236553192139, 1.0, 0.0, 29.0
16, 20, 0.6669326424598694, 1.0, 0.0, 76.0
16, 2, 0.7077771425247192, 1.0, 0.0, 23.0
16, 17, 0.43329086899757385, 1.0, 0.0, 73.0
16, 4, 0.3421631455421448, 1.0, 0.0, 69.0
16, 12, 0.4602150619029999, 1.0, 0.0, 29.0
16, 10, 0.411670446395874, 1.0, 0.0, 84.0
16, 9, 0.6269230842590332, 1.0, 0.0, 40.0
16, 8, 0.7400245070457458, 1.0, 0.0, 80.0
16, 13, 0.26624181866645813, 1.0, 0.0, 98.0
16, 0, 0.7168418765068054, 1.0, 0.0, 61.0
16, 18, 0.4036831259727478, 1.0, 0.0, 80.0
16, 16, 0.738206684589386, 1.0, 0.0, 92.0
16, 3, 0.6239522099494934, 1.0, 0.0, 32.0
16, 22, 0.7006048560142517, 1.0, 0.0, 65.0
16, 15, 0.5449404120445251, 1.0, 0.0, 88.0
16, 21, 0.7695876955986023, 1.0, 0.0, 34.0
16, 23, 0.4470149874687195, 1.0, 0.0, 90.0
16, 6, 0.5923629403114319, 1.0, 0.0, 78.0
16, 14, 0.7289090752601624, 1.0, 0.0, 40.0
16, 19, 0.7458979487419128, 1.0, 0.0, 10.0
16, 7, 0.6580767035484314, 1.0, 0.0, 75.0
16, 1, 0.6921719312667847, 1.0, 0.0, 33.0
16, 5, 0.7207396030426025, 1.0, 0.0, 66.0
16, 11, 0.7344028353691101, 1.0, 0.0, 98.0
17, 22, 0.6843841671943665, 1.0, 0.0, 88.0
17, 2, 0.6119415163993835, 1.0, 0.0, 18.0
17, 21, 0.6989113092422485, 1.0, 0.0, 90.0
17, 13, 0.24101610481739044, 1.0, 0.0, 100.0
17, 15, 0.47202691435813904, 1.0, 0.0, 29.0
17, 6, 0.6909269094467163, 1.0, 0.0, 76.0
17, 12, 0.4898338317871094, 1.0, 0.0, 85.0
17, 10, 0.4504595696926117, 1.0, 0.0, 41.0
17, 8, 0.7963773012161255, 1.0, 0.0, 19.0
17, 7, 0.6752840280532837, 1.0, 0.0, 48.0
17, 4, 0.3560294508934021, 1.0, 0.0, 55.0
17, 3, 0.7728732228279114, 1.0, 0.0, 77.0
17, 9, 0.6042641997337341, 1.0, 0.0, 63.0
17, 0, 0.7282356023788452, 1.0, 0.0, 77.0
17, 17, 0.5651966333389282, 1.0, 0.0, 57.0
17, 11, 0.7533539533615112, 1.0, 0.0, 86.0
17, 1, 0.6495027542114258, 1.0, 0.0, 45.0
17, 16, 0.7331652641296387, 1.0, 0.0, 65.0
17, 5, 0.7599860429763794, 1.0, 0.0, 90.0
17, 18, 0.4920083284378052, 1.0, 0.0, 46.0
17, 20, 0.6894175410270691, 1.0, 0.0, 95.0
17, 19, 0.6841627955436707, 1.0, 0.0, 96.0
17, 23, 0.4770120680332184, 1.0, 0.0, 72.0
17, 14, 0.7462360262870789, 1.0, 0.0, 75.0
18, 23, 0.5883736610412598, 1.0, 0.0, 69.0
18, 14, 0.47287407517433167, 1.0, 0.0, 61.0
18, 1, 0.6611325144767761, 1.0, 0.0, 95.0
18, 0, 0.738987386226654, 1.0, 0.0, 82.0
18, 19, 0.6368416547775269, 1.0, 0.0, 40.0
18, 22, 0.6300403475761414, 1.0, 0.0, 67.0
18, 20, 0.6527888774871826, 1.0, 0.0, 44.0
18, 6, 0.6524151563644409, 1.0, 0.0, 67.0
18, 17, 0.38369685411453247, 1.0, 0.0, 45.0
18, 15, 0.47638335824012756, 1.0, 0.0, 96.0
18, 8, 0.7356492877006531, 1.0, 0.0, 88.0
18, 5, 0.7339089512825012, 1.0, 0.0, 82.0
18, 21, 0.6819561123847961, 1.0, 0.0, 21.0
18, 11, 0.7260531187057495, 1.0, 0.0, 86.0
18, 2, 0.650067925453186, 1.0, 0.0, 71.0
18, 18, 0.44621264934539795, 1.0, 0.0, 76.0
18, 9, 0.6197324395179749, 1.0, 0.0, 10.0
18, 13, 0.4412285387516022, 1.0, 0.0, 89.0
18, 12, 0.5042033195495605, 1.0, 0.0, 25.0
18, 10, 0.6281305551528931, 1.0, 0.0, 55.0
18, 3, 0.7493311762809753, 1.0, 0.0, 34.0
18, 4, 0.37113896012306213, 1.0, 0.0, 80.0
18, 16, 0.7251530289649963, 1.0, 0.0, 77.0
18, 7, 0.656512439250946, 1.0, 0.0, 12.0
19, 14, 0.7434603571891785, 1.0, 0.0, 53.0
19, 6, 0.596360981464386, 1.0, 0.0, 71.0
19, 22, 0.7149926424026489, 1.0, 0.0, 62.0
19, 23, 0.47603175044059753, 1.0, 0.0, 66.0
19, 11, 0.7346842885017395, 1.0, 0.0, 23.0
19, 12, 0.48709678649902344, 1.0, 0.0, 14.0
19, 9, 0.6379598379135132, 1.0, 0.0, 93.0
19, 5, 0.7500436305999756, 1.0, 0.0, 72.0
19, 0, 0.7271924614906311, 1.0, 0.0, 79.0
19, 13, 0.27456188201904297, 1.0, 0.0, 15.0
19, 10, 0.4497849643230438, 1.0, 0.0, 14.0
19, 19, 0.7382830381393433, 1.0, 0.0, 60.0
19, 2, 0.692270815372467, 1.0, 0.0, 13.0
19, 1, 0.6912094950675964, 1.0, 0.0, 89.0
19, 20, 0.6745485067367554, 1.0, 0.0, 99.0
19, 4, 0.3532561957836151, 1.0, 0.0, 46.0
19, 3, 0.6185125708580017, 1.0, 0.0, 47.0
19, 21, 0.7633410692214966, 1.0, 0.0, 53.0
19, 17, 0.46967044472694397, 1.0, 0.0, 26.0
19, 8, 0.787014365196228, 1.0, 0.0, 91.0
19, 16, 0.7316348552703857, 1.0, 0.0, 50.0
19, 15, 0.5246866345405579, 1.0, 0.0, 100.0
19, 18, 0.47268936038017273, 1.0, 0.0, 33.0
19, 7, 0.6758603453636169, 1.0, 0.0, 23.0
20, 7, 0.6593940258026123, 1.0, 0.0, 23.0
20, 22, 0.6884164214134216, 1.0, 0.0, 48.0
20, 20, 0.6327700018882751, 1.0, 0.0, 90.0
20, 21, 0.7318400740623474, 1.0, 0.0, 54.0
20, 23, 0.4676012098789215, 1.0, 0.0, 34.0
20, 15, 0.5512076020240784, 1.0, 0.0, 19.0
20, 12, 0.4695992171764374, 1.0, 0.0, 86.0
20, 5, 0.71053546667099, 1.0, 0.0, 32.0
20, 18, 0.3976372480392456, 1.0, 0.0, 26.0
20, 2, 0.7188873887062073, 1.0, 0.0, 72.0
20, 13, 0.3619224727153778, 1.0, 0.0, 14.0
20, 11, 0.7138568162918091, 1.0, 0.0, 23.0
20, 10, 0.41858503222465515, 1.0, 0.0, 54.0
20, 0, 0.7243039608001709, 1.0, 0.0, 10.0
20, 6, 0.659024178981781, 1.0, 0.0, 65.0
20, 8, 0.7296989560127258, 1.0, 0.0, 14.0
20, 1, 0.7189605236053467, 1.0, 0.0, 59.0
20, 3, 0.6575708985328674, 1.0, 0.0, 33.0
20, 16, 0.7075981497764587, 1.0, 0.0, 92.0
20, 19, 0.7005711197853088, 1.0, 0.0, 81.0
20, 14, 0.7321053147315979, 1.0, 0.0, 82.0
20, 17, 0.4043146073818207, 1.0, 0.0, 20.0
20, 4, 0.35296928882598877, 1.0, 0.0, 84.0
20, 9, 0.7150501608848572, 1.0, 0.0, 60.0
21, 11, 0.7014729380607605, 1.0, 0.0, 81.0
21, 20, 0.6489446759223938, 1.0, 0.0, 61.0
21, 21, 0.7147956490516663, 1.0, 0.0, 82.0
21, 13, 0.679412305355072, 1.0, 0.0, 70.0
21, 10, 0.7487983703613281, 1.0, 0.0, 30.0
21, 12, 0.7468230724334717, 1.0, 0.0, 11.0
21, 17, 0.4486546814441681, 1.0, 0.0, 14.0
21, 2, 0.7031412124633789, 1.0, 0.0, 11.0
21, 7, 0.6740490794181824, 1.0, 0.0, 38.0
21, 23, 0.7271835803985596, 1.0, 0.0, 12.0
21, 5, 0.704081654548645, 1.0, 0.0, 74.0
21, 4, 0.654202938079834, 1.0, 0.0, 75.0
21, 3, 0.6594435572624207, 1.0, 0.0, 100.0
21, 15, 0.6938245296478271, 1.0, 0.0, 23.0
21, 6, 0.6665306687355042, 1.0, 0.0, 95.0
21, 16, 0.7061577439308167, 1.0, 0.0, 99.0
21, 18, 0.6631688475608826, 1.0, 0.0, 73.0
21, 0, 0.757682740688324, 1.0, 0.0, 80.0
21, 9, 0.6624581813812256, 1.0, 0.0, 98.0
21, 14, 0.6994701027870178, 1.0, 0.0, 87.0
21, 22, 0.6989552974700928, 1.0, 0.0, 13.0
21, 19, 0.7162541747093201, 1.0, 0.0, 77.0
21, 1, 0.6786172389984131, 1.0, 0.0, 68.0
21, 8, 0.7225236296653748, 1.0, 0.0, 41.0
22, 9, 0.6895484924316406, 1.0, 0.0, 35.0
22, 1, 0.7787135243415833, 1.0, 0.0, 89.0
22, 7, 0.6631813049316406, 1.0, 0.0, 10.0
22, 19, 0.7429063320159912, 1.0, 0.0, 10.0
22, 23, 0.45446524024009705, 1.0, 0.0, 100.0
22, 12, 0.46422287821769714, 1.0, 0.0, 85.0
22, 6, 0.627774178981781, 1.0, 0.0, 72.0
22, 20, 0.6785377264022827, 1.0, 0.0, 45.0
22, 18, 0.416400283575058, 1.0, 0.0, 21.0
22, 3, 0.5292491316795349, 1.0, 0.0, 82.0
22, 8, 0.730136513710022, 1.0, 0.0, 66.0
22, 11, 0.7278356552124023, 1.0, 0.0, 71.0
22, 21, 0.7388006448745728, 1.0, 0.0, 30.0
22, 0, 0.7085773944854736, 1.0, 0.0, 46.0
22, 14, 0.7114139199256897, 1.0, 0.0, 98.0
22, 10, 0.4462433457374573, 1.0, 0.0, 61.0
22, 16, 0.7378466129302979, 1.0, 0.0, 89.0
22, 2, 0.7366317510604858, 1.0, 0.0, 97.0
22, 15, 0.5590033531188965, 1.0, 0.0, 12.0
22, 17, 0.43623626232147217, 1.0, 0.0, 30.0
22, 4, 0.3684613108634949, 1.0, 0.0, 33.0
22, 13, 0.28783854842185974, 1.0, 0.0, 44.0
22, 5, 0.6912611126899719, 1.0, 0.0, 64.0
22, 22, 0.7140762209892273, 1.0, 0.0, 40.0
23, 6, 0.5806135535240173, 1.0, 0.0, 65.0
23, 22, 0.6394794583320618, 1.0, 0.0, 38.0
23, 10, 0.4198499023914337, 1.0, 0.0, 35.0
23, 11, 0.7059761881828308, 1.0, 0.0, 54.0
23, 17, 0.4012100100517273, 1.0, 0.0, 76.0
23, 21, 0.7072104215621948, 1.0, 0.0, 29.0
23, 1, 0.65383380651474, 1.0, 0.0, 22.0
23, 9, 0.5953177213668823, 1.0, 0.0, 77.0
23, 5, 0.7375719547271729, 1.0, 0.0, 84.0
23, 15, 0.46820545196533203, 1.0, 0.0, 50.0
23, 20, 0.7280771732330322, 1.0, 0.0, 100.0
23, 2, 0.6711694002151489, 1.0, 0.0, 34.0
23, 12, 0.4889540672302246, 1.0, 0.0, 99.0
23, 13, 0.3597096800804138, 1.0, 0.0, 58.0
23, 18, 0.38853371143341064, 1.0, 0.0, 72.0
23, 14, 0.7435444593429565, 1.0, 0.0, 16.0
23, 7, 0.6230857968330383, 1.0, 0.0, 48.0
23, 0, 0.7440423369407654, 1.0, 0.0, 97.0
23, 23, 0.4470149874687195, 1.0, 0.0, 100.0
23, 19, 0.6839814782142639, 1.0, 0.0, 15.0
23, 8, 0.7055477499961853, 1.0, 0.0, 17.0
23, 4, 0.3309744596481323, 1.0, 0.0, 96.0
23, 3, 0.5127519369125366, 1.0, 0.0, 87.0
23, 16, 0.7100288271903992, 1.0, 0.0, 62.0
24, 16, 0.6927439570426941, 1.0, 0.0, 70.0
24, 7, 0.6186398863792419, 1.0, 0.0, 12.0
24, 9, 0.6146321296691895, 1.0, 0.0, 70.0
24, 21, 0.7200607061386108, 1.0, 0.0, 87.0
24, 8, 0.6670458316802979, 1.0, 0.0, 24.0
24, 4, 0.5916610956192017, 1.0, 0.0, 51.0
24, 14, 0.6225923299789429, 1.0, 0.0, 30.0
24, 3, 0.5873016119003296, 1.0, 0.0, 97.0
24, 5, 0.6573347449302673, 1.0, 0.0, 12.0
24, 12, 0.5185728073120117, 1.0, 0.0, 47.0
24, 6, 0.6372389197349548, 1.0, 0.0, 65.0
24, 20, 0.6256618499755859, 1.0, 0.0, 92.0
24, 23, 0.7048328518867493, 1.0, 0.0, 49.0
24, 2, 0.6681320667266846, 1.0, 0.0, 99.0
24, 22, 0.6445198059082031, 1.0, 0.0, 100.0
24, 15, 0.6770865321159363, 1.0, 0.0, 71.0
24, 18, 0.5238360166549683, 1.0, 0.0, 80.0
24, 1, 0.6483798623085022, 1.0, 0.0, 15.0
24, 0, 0.7177244424819946, 1.0, 0.0, 30.0
24, 19, 0.6717432737350464, 1.0, 0.0, 14.0
24, 17, 0.4055882692337036, 1.0, 0.0, 59.0
24, 13, 0.7244645357131958, 1.0, 0.0, 72.0
24, 10, 0.7027574181556702, 1.0, 0.0, 76.0
24, 11, 0.6885261535644531, 1.0, 0.0, 33.0
25, 9, 0.7106187343597412, 1.0, 0.0, 20.0
25, 3, 0.540752649307251, 1.0, 0.0, 58.0
25, 19, 0.7217840552330017, 1.0, 0.0, 76.0
25, 4, 0.36836567521095276, 1.0, 0.0, 82.0
25, 16, 0.7157904505729675, 1.0, 0.0, 12.0
25, 18, 0.4215427339076996, 1.0, 0.0, 93.0
25, 5, 0.7417582273483276, 1.0, 0.0, 77.0
25, 0, 0.7308834195137024, 1.0, 0.0, 55.0
25, 15, 0.5348517298698425, 1.0, 0.0, 20.0
25, 10, 0.46100008487701416, 1.0, 0.0, 45.0
25, 8, 0.7263737916946411, 1.0, 0.0, 61.0
25, 11, 0.7175157070159912, 1.0, 0.0, 44.0
25, 23, 0.4904421269893646, 1.0, 0.0, 45.0
25, 1, 0.7172762155532837, 1.0, 0.0, 43.0
25, 13, 0.38068684935569763, 1.0, 0.0, 100.0
25, 17, 0.4697500467300415, 1.0, 0.0, 82.0
25, 20, 0.7301080822944641, 1.0, 0.0, 78.0
25, 7, 0.6782479882240295, 1.0, 0.0, 60.0
25, 6, 0.5999510288238525, 1.0, 0.0, 99.0
25, 12, 0.5045943260192871, 1.0, 0.0, 94.0
25, 21, 0.7180082201957703, 1.0, 0.0, 97.0
25, 22, 0.7069281339645386, 1.0, 0.0, 44.0
25, 14, 0.7421145439147949, 1.0, 0.0, 23.0
25, 2, 0.7198465466499329, 1.0, 0.0, 92.0
26, 7, 0.6799769401550293, 1.0, 0.0, 68.0
26, 17, 0.453510582447052, 1.0, 0.0, 44.0
26, 18, 0.4587908387184143, 1.0, 0.0, 42.0
26, 12, 0.4901270866394043, 1.0, 0.0, 94.0
26, 11, 0.7172342538833618, 1.0, 0.0, 46.0
26, 4, 0.36425361037254333, 1.0, 0.0, 55.0
26, 16, 0.7163305878639221, 1.0, 0.0, 25.0
26, 1, 0.6795797348022461, 1.0, 0.0, 84.0
26, 13, 0.41989731788635254, 1.0, 0.0, 66.0
26, 9, 0.6473244428634644, 1.0, 0.0, 90.0
26, 14, 0.7750862240791321, 1.0, 0.0, 99.0
26, 19, 0.6629498600959778, 1.0, 0.0, 35.0
26, 3, 0.7534332275390625, 1.0, 0.0, 14.0
26, 15, 0.49021705985069275, 1.0, 0.0, 74.0
26, 22, 0.6452529430389404, 1.0, 0.0, 37.0
26, 23, 0.45289677381515503, 1.0, 0.0, 91.0
26, 6, 0.6752610802650452, 1.0, 0.0, 84.0
26, 5, 0.7484737634658813, 1.0, 0.0, 28.0
26, 8, 0.7464998364448547, 1.0, 0.0, 81.0
26, 10, 0.46639683842658997, 1.0, 0.0, 89.0
26, 21, 0.7040870785713196, 1.0, 0.0, 36.0
26, 20, 0.7101617455482483, 1.0, 0.0, 17.0
26, 0, 0.7518253922462463, 1.0, 0.0, 82.0
26, 2, 0.6720485687255859, 1.0, 0.0, 75.0
27, 4, 0.3206464648246765, 1.0, 0.0, 75.0
27, 19, 0.6788142323493958, 1.0, 0.0, 26.0
27, 10, 0.41259801387786865, 1.0, 0.0, 38.0
27, 11, 0.7049441933631897, 1.0, 0.0, 36.0
27, 16, 0.7246128916740417, 1.0, 0.0, 16.0
27, 8, 0.7758138179779053, 1.0, 0.0, 68.0
27, 12, 0.46500489115715027, 1.0, 0.0, 52.0
27, 3, 0.7223113775253296, 1.0, 0.0, 54.0
27, 6, 0.5981560349464417, 1.0, 0.0, 88.0
27, 15, 0.49197492003440857, 1.0, 0.0, 21.0
27, 2, 0.6448724865913391, 1.0, 0.0, 28.0
27, 1, 0.6235964298248291, 1.0, 0.0, 16.0
27, 18, 0.3865184187889099, 1.0, 0.0, 100.0
27, 23, 0.4326046407222748, 1.0, 0.0, 66.0
27, 21, 0.697483479976654, 1.0, 0.0, 21.0
27, 20, 0.700805127620697, 1.0, 0.0, 54.0
27, 0, 0.7230201363563538, 1.0, 0.0, 77.0
27, 7, 0.6382347941398621, 1.0, 0.0, 26.0
27, 9, 0.6252508163452148, 1.0, 0.0, 98.0
27, 5, 0.7886795997619629, 1.0, 0.0, 63.0
27, 17, 0.4399777054786682, 1.0, 0.0, 70.0
27, 13, 0.27500441670417786, 1.0, 0.0, 15.0
27, 22, 0.6754948496818542, 1.0, 0.0, 17.0
27, 14, 0.7339557409286499, 1.0, 0.0, 94.0
28, 16, 0.7170507907867432, 1.0, 0.0, 19.0
28, 4, 0.35010039806365967, 1.0, 0.0, 45.0
28, 12, 0.5022482872009277, 1.0, 0.0, 92.0
28, 9, 0.5168896317481995, 1.0, 0.0, 61.0
28, 15, 0.5398960709571838, 1.0, 0.0, 27.0
28, 23, 0.447113037109375, 1.0, 0.0, 36.0
28, 20, 0.6894175410270691, 1.0, 0.0, 48.0
28, 21, 0.7777975797653198, 1.0, 0.0, 69.0
28, 10, 0.42448773980140686, 1.0, 0.0, 79.0
28, 5, 0.7680969834327698, 1.0, 0.0, 57.0
28, 18, 0.43085476756095886, 1.0, 0.0, 79.0
28, 11, 0.6731400489807129, 1.0, 0.0, 61.0
28, 3, 0.533886194229126, 1.0, 0.0, 86.0
28, 6, 0.5343505144119263, 1.0, 0.0, 71.0
28, 7, 0.5215708613395691, 1.0, 0.0, 38.0
28, 22, 0.7274560332298279, 1.0, 0.0, 17.0
28, 19, 0.6207959651947021, 1.0, 0.0, 17.0
28, 2, 0.697066605091095, 1.0, 0.0, 77.0
28, 17, 0.4622671604156494, 1.0, 0.0, 32.0
28, 8, 0.7495625019073486, 1.0, 0.0, 88.0
28, 1, 0.7059672474861145, 1.0, 0.0, 23.0
28, 0, 0.8061462044715881, 1.0, 0.0, 96.0
28, 14, 0.5874337553977966, 1.0, 0.0, 15.0
28, 13, 0.430164635181427, 1.0, 0.0, 81.0
29, 16, 0.735235869884491, 1.0, 0.0, 56.0
29, 23, 0.45975884795188904, 1.0, 0.0, 60.0
29, 0, 0.7412340641021729, 1.0, 0.0, 74.0
29, 6, 0.6010933518409729, 1.0, 0.0, 51.0
29, 15, 0.523234486579895, 1.0, 0.0, 15.0
29, 2, 0.6669331192970276, 1.0, 0.0, 47.0
29, 13, 0.3633386492729187, 1.0, 0.0, 45.0
29, 1, 0.7682065963745117, 1.0, 0.0, 34.0
29, 5, 0.7571951746940613, 1.0, 0.0, 28.0
29, 3, 0.5483324527740479, 1.0, 0.0, 70.0
29, 8, 0.7659258246421814, 1.0, 0.0, 48.0
29, 7, 0.6549481153488159, 1.0, 0.0, 41.0
29, 9, 0.6450669169425964, 1.0, 0.0, 30.0
29, 12, 0.4821114242076874, 1.0, 0.0, 31.0
29, 22, 0.6925403475761414, 1.0, 0.0, 45.0
29, 18, 0.4198054075241089, 1.0, 0.0, 59.0
29, 17, 0.44467440247535706, 1.0, 0.0, 28.0
29, 19, 0.7247756123542786, 1.0, 0.0, 56.0
29, 21, 0.7288952469825745, 1.0, 0.0, 93.0
29, 4, 0.36157599091529846, 1.0, 0.0, 16.0
29, 10, 0.43604013323783875, 1.0, 0.0, 97.0
29, 14, 0.7352174520492554, 1.0, 0.0, 66.0
29, 11, 0.7376864552497864, 1.0, 0.0, 75.0
29, 20, 0.6667150259017944, 1.0, 0.0, 36.0
30, 14, 0.48389267921447754, 1.0, 0.0, 77.0
30, 12, 0.47194525599479675, 1.0, 0.0, 97.0
30, 18, 0.464489221572876, 1.0, 0.0, 73.0
30, 6, 0.6841546893119812, 1.0, 0.0, 11.0
30, 13, 0.2598690092563629, 1.0, 0.0, 67.0
30, 22, 0.7579728960990906, 1.0, 0.0, 55.0
30, 10, 0.4270174503326416, 1.0, 0.0, 63.0
30, 0, 0.7296798229217529, 1.0, 0.0, 13.0
30, 17, 0.4920394718647003, 1.0, 0.0, 18.0
30, 11, 0.6940613389015198, 1.0, 0.0, 35.0
30, 21, 0.7635195255279541, 1.0, 0.0, 39.0
30, 4, 0.358420193195343, 1.0, 0.0, 74.0
30, 3, 0.6738005876541138, 1.0, 0.0, 82.0
30, 7, 0.7169438600540161, 1.0, 0.0, 83.0
30, 5, 0.750130832195282, 1.0, 0.0, 96.0
30, 1, 0.6798203587532043, 1.0, 0.0, 30.0
30, 19, 0.8008340001106262, 1.0, 0.0, 72.0
30, 16, 0.6988657116889954, 1.0, 0.0, 15.0
30, 15, 0.5116172432899475, 1.0, 0.0, 32.0
30, 8, 0.7317990660667419, 1.0, 0.0, 28.0
30, 23, 0.4629938304424286, 1.0, 0.0, 61.0
30, 9, 0.6213210821151733, 1.0, 0.0, 35.0
30, 2, 0.7392694354057312, 1.0, 0.0, 82.0
30, 20, 0.6855733394622803, 1.0, 0.0, 27.0
31, 8, 0.7497375011444092, 1.0, 0.0, 24.0
31, 12, 0.4838709533214569, 1.0, 0.0, 28.0
31, 19, 0.6889674663543701, 1.0, 0.0, 21.0
31, 20, 0.688982367515564, 1.0, 0.0, 91.0
31, 21, 0.7013207077980042, 1.0, 0.0, 86.0
31, 3, 0.5529695153236389, 1.0, 0.0, 89.0
31, 10, 0.5718863606452942, 1.0, 0.0, 61.0
31, 4, 0.3973414897918701, 1.0, 0.0, 79.0
31, 2, 0.6771640777587891, 1.0, 0.0, 23.0
31, 23, 0.5702382326126099, 1.0, 0.0, 40.0
31, 17, 0.4527941346168518, 1.0, 0.0, 73.0
31, 0, 0.7213351726531982, 1.0, 0.0, 98.0
31, 22, 0.6935483813285828, 1.0, 0.0, 74.0
31, 11, 0.7620790004730225, 1.0, 0.0, 21.0
31, 14, 0.7391706705093384, 1.0, 0.0, 19.0
31, 18, 0.4399583041667938, 1.0, 0.0, 32.0
31, 5, 0.767399251461029, 1.0, 0.0, 94.0
31, 16, 0.7247929573059082, 1.0, 0.0, 18.0
31, 1, 0.687279462814331, 1.0, 0.0, 82.0
31, 7, 0.6263790726661682, 1.0, 0.0, 36.0
31, 6, 0.7007995843887329, 1.0, 0.0, 18.0
31, 15, 0.5355395674705505, 1.0, 0.0, 88.0
31, 13, 0.388918399810791, 1.0, 0.0, 14.0
31, 9, 0.6296823024749756, 1.0, 0.0, 85.0
32, 7, 0.7672484517097473, 1.0, 0.0, 17.0
32, 0, 0.7414747476577759, 1.0, 0.0, 16.0
32, 21, 0.7396930456161499, 1.0, 0.0, 24.0
32, 18, 0.32654622197151184, 1.0, 0.0, 82.0
32, 19, 0.7481642365455627, 1.0, 0.0, 12.0
32, 13, 0.4011329412460327, 1.0, 0.0, 100.0
32, 15, 0.5372974872589111, 1.0, 0.0, 23.0
32, 5, 0.7182103395462036, 1.0, 0.0, 62.0
32, 22, 0.7653042674064636, 1.0, 0.0, 11.0
32, 3, 0.600945234298706, 1.0, 0.0, 19.0
32, 14, 0.5959290266036987, 1.0, 0.0, 66.0
32, 6, 0.6465404629707336, 1.0, 0.0, 28.0
32, 11, 0.6543765664100647, 1.0, 0.0, 20.0
32, 9, 0.5255016684532166, 1.0, 0.0, 75.0
32, 17, 0.5252348184585571, 1.0, 0.0, 51.0
32, 23, 0.42564454674720764, 1.0, 0.0, 15.0
32, 12, 0.45171064138412476, 1.0, 0.0, 83.0
32, 4, 0.37113896012306213, 1.0, 0.0, 78.0
32, 1, 0.6895251870155334, 1.0, 0.0, 12.0
32, 10, 0.42086178064346313, 1.0, 0.0, 25.0
32, 2, 0.7523779273033142, 1.0, 0.0, 20.0
32, 8, 0.7241861820220947, 1.0, 0.0, 95.0
32, 16, 0.6637558341026306, 1.0, 0.0, 61.0
32, 20, 0.6599695086479187, 1.0, 0.0, 31.0
33, 15, 0.4842555820941925, 1.0, 0.0, 91.0
33, 3, 0.7257891893386841, 1.0, 0.0, 55.0
33, 9, 0.6050167083740234, 1.0, 0.0, 63.0
33, 18, 0.5166782736778259, 1.0, 0.0, 45.0
33, 21, 0.7244333624839783, 1.0, 0.0, 12.0
33, 22, 0.734237551689148, 1.0, 0.0, 82.0
33, 13, 0.22906708717346191, 1.0, 0.0, 65.0
33, 20, 0.7153840661048889, 1.0, 0.0, 21.0
33, 14, 0.7352174520492554, 1.0, 0.0, 11.0
33, 1, 0.6284889578819275, 1.0, 0.0, 82.0
33, 8, 0.7528001666069031, 1.0, 0.0, 30.0
33, 19, 0.7193363904953003, 1.0, 0.0, 48.0
33, 23, 0.4303499758243561, 1.0, 0.0, 52.0
33, 11, 0.7151702642440796, 1.0, 0.0, 27.0
33, 6, 0.644908607006073, 1.0, 0.0, 38.0
33, 0, 0.6809756755828857, 1.0, 0.0, 75.0
33, 5, 0.6391069293022156, 1.0, 0.0, 23.0
33, 17, 0.7090431451797485, 1.0, 0.0, 71.0
33, 4, 0.36607056856155396, 1.0, 0.0, 26.0
33, 2, 0.5742146968841553, 1.0, 0.0, 62.0
33, 10, 0.43157094717025757, 1.0, 0.0, 41.0
33, 12, 0.3403714597225189, 1.0, 0.0, 77.0
33, 7, 0.7024534940719604, 1.0, 0.0, 93.0
33, 16, 0.7085884213447571, 1.0, 0.0, 47.0
34, 6, 0.7460019588470459, 1.0, 0.0, 84.0
34, 1, 0.6810234189033508, 1.0, 0.0, 61.0
34, 15, 0.5463160872459412, 1.0, 0.0, 90.0
34, 9, 0.626086950302124, 1.0, 0.0, 92.0
34, 11, 0.6950933337211609, 1.0, 0.0, 36.0
34, 2, 0.7455039620399475, 1.0, 0.0, 13.0
34, 0, 0.7336917519569397, 1.0, 0.0, 40.0
34, 4, 0.3560294508934021, 1.0, 0.0, 26.0
34, 20, 0.6865888237953186, 1.0, 0.0, 55.0
34, 18, 0.4758860170841217, 1.0, 0.0, 67.0
34, 10, 0.42828232049942017, 1.0, 0.0, 91.0
34, 5, 0.736350953578949, 1.0, 0.0, 85.0
34, 16, 0.6955347657203674, 1.0, 0.0, 98.0
34, 23, 0.4701499938964844, 1.0, 0.0, 52.0
34, 14, 0.6959373950958252, 1.0, 0.0, 41.0
34, 21, 0.7943958640098572, 1.0, 0.0, 92.0
34, 17, 0.4901289641857147, 1.0, 0.0, 43.0
34, 22, 0.7501832842826843, 1.0, 0.0, 65.0
34, 13, 0.34625598788261414, 1.0, 0.0, 78.0
34, 12, 0.4787878692150116, 1.0, 0.0, 47.0
34, 19, 0.7798930406570435, 1.0, 0.0, 90.0
34, 3, 0.6667558550834656, 1.0, 0.0, 93.0
34, 7, 0.7001482248306274, 1.0, 0.0, 35.0
34, 8, 0.7594504952430725, 1.0, 0.0, 30.0
35, 16, 0.4562477469444275, 1.0, 0.0, 85.0
35, 15, 0.4191378653049469, 1.0, 0.0, 22.0
35, 18, 0.6760945320129395, 1.0, 0.0, 16.0
35, 19, 0.4826398193836212, 1.0, 0.0, 18.0
35, 8, 0.7151732444763184, 1.0, 0.0, 55.0
35, 21, 0.6211850643157959, 1.0, 0.0, 78.0
35, 2, 0.5023579001426697, 1.0, 0.0, 81.0
35, 4, 0.5557042956352234, 1.0, 0.0, 77.0
35, 17, 0.542668342590332, 1.0, 0.0, 35.0
35, 5, 0.5933193564414978, 1.0, 0.0, 55.0
35, 1, 0.5337664484977722, 1.0, 0.0, 51.0
35, 22, 0.662206768989563, 1.0, 0.0, 44.0
35, 6, 0.6347911357879639, 1.0, 0.0, 96.0
35, 9, 0.4229097068309784, 1.0, 0.0, 51.0
35, 20, 0.6506128907203674, 1.0, 0.0, 98.0
35, 3, 0.4582664668560028, 1.0, 0.0, 26.0
35, 13, 0.4167994260787964, 1.0, 0.0, 46.0
35, 11, 0.6286706328392029, 1.0, 0.0, 37.0
35, 7, 0.6561007499694824, 1.0, 0.0, 51.0
35, 14, 0.6868534088134766, 1.0, 0.0, 10.0
35, 0, 0.6620396375656128, 1.0, 0.0, 53.0
35, 12, 0.3441837728023529, 1.0, 0.0, 19.0
35, 10, 0.5683447122573853, 1.0, 0.0, 66.0
35, 23, 0.43476128578186035, 1.0, 0.0, 37.0
36, 21, 0.7816348671913147, 1.0, 0.0, 56.0
36, 14, 0.7177222371101379, 1.0, 0.0, 23.0
36, 16, 0.7525206804275513, 1.0, 0.0, 44.0
36, 6, 0.6715894341468811, 1.0, 0.0, 66.0
36, 8, 0.7423871159553528, 1.0, 0.0, 31.0
36, 20, 0.6663523316383362, 1.0, 0.0, 60.0
36, 11, 0.7262407541275024, 1.0, 0.0, 99.0
36, 18, 0.4129256308078766, 1.0, 0.0, 54.0
36, 4, 0.3252366781234741, 1.0, 0.0, 40.0
36, 9, 0.6108695864677429, 1.0, 0.0, 23.0
36, 10, 0.5621047019958496, 1.0, 0.0, 13.0
36, 13, 0.2188882976770401, 1.0, 0.0, 42.0
36, 7, 0.6351062059402466, 1.0, 0.0, 51.0
36, 2, 0.5636639595031738, 1.0, 0.0, 39.0
36, 5, 0.6327402591705322, 1.0, 0.0, 95.0
36, 17, 0.4045534133911133, 1.0, 0.0, 64.0
36, 19, 0.7080047130584717, 1.0, 0.0, 25.0
36, 3, 0.5395041704177856, 1.0, 0.0, 38.0
36, 22, 0.6523093581199646, 1.0, 0.0, 73.0
36, 15, 0.48364415764808655, 1.0, 0.0, 39.0
36, 23, 0.5399470925331116, 1.0, 0.0, 75.0
36, 1, 0.6424446702003479, 1.0, 0.0, 80.0
36, 0, 0.6930112838745117, 1.0, 0.0, 58.0
36, 12, 0.3921798765659332, 1.0, 0.0, 41.0
37, 7, 0.5032932758331299, 1.0, 0.0, 33.0
37, 20, 0.6772321462631226, 1.0, 0.0, 18.0
37, 23, 0.42299774289131165, 1.0, 0.0, 81.0
37, 9, 0.620568573474884, 1.0, 0.0, 83.0
37, 18, 0.425017386674881, 1.0, 0.0, 46.0
37, 0, 0.7146754264831543, 1.0, 0.0, 92.0
37, 3, 0.7405029535293579, 1.0, 0.0, 18.0
37, 6, 0.6725685596466064, 1.0, 0.0, 39.0
37, 22, 0.665230929851532, 1.0, 0.0, 43.0
37, 21, 0.7183651328086853, 1.0, 0.0, 57.0
37, 15, 0.44940385222435, 1.0, 0.0, 87.0
37, 11, 0.7929449081420898, 1.0, 0.0, 51.0
37, 5, 0.643206000328064, 1.0, 0.0, 100.0
37, 12, 0.34183773398399353, 1.0, 0.0, 10.0
37, 14, 0.7355538606643677, 1.0, 0.0, 44.0
37, 4, 0.32772305607795715, 1.0, 0.0, 31.0
37, 17, 0.41076260805130005, 1.0, 0.0, 59.0
37, 13, 0.21118782460689545, 1.0, 0.0, 42.0
37, 19, 0.6788142323493958, 1.0, 0.0, 11.0
37, 2, 0.42322754859924316, 1.0, 0.0, 97.0
37, 8, 0.7840391993522644, 1.0, 0.0, 49.0
37, 10, 0.42457205057144165, 1.0, 0.0, 59.0
37, 1, 0.6232755780220032, 1.0, 0.0, 44.0
37, 16, 0.7567518949508667, 1.0, 0.0, 50.0
38, 22, 0.6956561803817749, 1.0, 0.0, 57.0
38, 18, 0.644058346748352, 1.0, 0.0, 82.0
38, 4, 0.533135712146759, 1.0, 0.0, 73.0
38, 8, 0.7219110727310181, 1.0, 0.0, 30.0
38, 19, 0.7196990251541138, 1.0, 0.0, 10.0
38, 6, 0.6367493271827698, 1.0, 0.0, 44.0
38, 9, 0.593478262424469, 1.0, 0.0, 18.0
38, 17, 0.7247253656387329, 1.0, 0.0, 60.0
38, 11, 0.6367388963699341, 1.0, 0.0, 23.0
38, 5, 0.6954473853111267, 1.0, 0.0, 30.0
38, 0, 0.6681376695632935, 1.0, 0.0, 62.0
38, 7, 0.752593457698822, 1.0, 0.0, 54.0
38, 23, 0.4263307452201843, 1.0, 0.0, 79.0
38, 14, 0.6998065710067749, 1.0, 0.0, 39.0
38, 12, 0.4378299117088318, 1.0, 0.0, 55.0
38, 3, 0.6376850605010986, 1.0, 0.0, 48.0
38, 13, 0.4841564893722534, 1.0, 0.0, 35.0
38, 16, 0.6576341390609741, 1.0, 0.0, 87.0
38, 20, 0.6709944009780884, 1.0, 0.0, 60.0
38, 10, 0.5490344762802124, 1.0, 0.0, 32.0
38, 15, 0.5209416151046753, 1.0, 0.0, 40.0
38, 21, 0.7185436487197876, 1.0, 0.0, 50.0
38, 2, 0.766845166683197, 1.0, 0.0, 97.0
38, 1, 0.6090792417526245, 1.0, 0.0, 93.0
39, 11, 0.7139506340026855, 1.0, 0.0, 99.0
39, 6, 0.5737597942352295, 1.0, 0.0, 79.0
39, 14, 0.7833291292190552, 1.0, 0.0, 82.0
39, 7, 0.6481969356536865, 1.0, 0.0, 80.0
39, 18, 0.6446143388748169, 1.0, 0.0, 68.0
39, 2, 0.7063384056091309, 1.0, 0.0, 22.0
39, 12, 0.7789833545684814, 1.0, 0.0, 34.0
39, 17, 0.399936318397522, 1.0, 0.0, 15.0
39, 8, 0.7268113493919373, 1.0, 0.0, 73.0
39, 20, 0.6873141527175903, 1.0, 0.0, 28.0
39, 19, 0.6718339323997498, 1.0, 0.0, 14.0
39, 9, 0.600083589553833, 1.0, 0.0, 86.0
39, 1, 0.6322585940361023, 1.0, 0.0, 14.0
39, 10, 0.7191162705421448, 1.0, 0.0, 67.0
39, 21, 0.7311261892318726, 1.0, 0.0, 55.0
39, 4, 0.6442574262619019, 1.0, 0.0, 34.0
39, 15, 0.6805258393287659, 1.0, 0.0, 81.0
39, 3, 0.5283573865890503, 1.0, 0.0, 97.0
39, 23, 0.7596313953399658, 1.0, 0.0, 42.0
39, 22, 0.6559750437736511, 1.0, 0.0, 47.0
39, 16, 0.7185811996459961, 1.0, 0.0, 18.0
39, 5, 0.7464678287506104, 1.0, 0.0, 15.0
39, 0, 0.7473320960998535, 1.0, 0.0, 76.0
39, 13, 0.6859621405601501, 1.0, 0.0, 83.0
40, 9, 0.3943980038166046, 1.0, 0.0, 53.0
40, 8, 0.5169758200645447, 1.0, 0.0, 72.0
40, 20, 0.5516065955162048, 1.0, 0.0, 78.0
40, 4, 0.304485023021698, 1.0, 0.0, 72.0
40, 3, 0.45808809995651245, 1.0, 0.0, 65.0
40, 17, 0.7564878463745117, 1.0, 0.0, 54.0
40, 16, 0.44463449716567993, 1.0, 0.0, 41.0
40, 21, 0.6153846383094788, 1.0, 0.0, 71.0
40, 7, 0.7874197363853455, 1.0, 0.0, 69.0
40, 18, 0.23363447189331055, 1.0, 0.0, 39.0
40, 0, 0.6429430842399597, 1.0, 0.0, 91.0
40, 1, 0.5464388728141785, 1.0, 0.0, 47.0
40, 13, 0.20384138822555542, 1.0, 0.0, 89.0
40, 14, 0.6097232699394226, 1.0, 0.0, 61.0
40, 2, 0.7359923124313354, 1.0, 0.0, 87.0
40, 15, 0.43534088134765625, 1.0, 0.0, 43.0
40, 23, 0.36202332377433777, 1.0, 0.0, 94.0
40, 11, 0.39928698539733887, 1.0, 0.0, 96.0
40, 10, 0.29117125272750854, 1.0, 0.0, 18.0
40, 12, 0.4078201353549957, 1.0, 0.0, 72.0
40, 6, 0.6165143847465515, 1.0, 0.0, 14.0
40, 5, 0.5611372590065002, 1.0, 0.0, 38.0
40, 19, 0.6392892599105835, 1.0, 0.0, 89.0
40, 22, 0.6122617125511169, 1.0, 0.0, 42.0
41, 2, 0.5641435384750366, 1.0, 0.0, 85.0
41, 23, 0.4858347177505493, 1.0, 0.0, 18.0
41, 11, 0.7033492922782898, 1.0, 0.0, 38.0
41, 1, 0.567693293094635, 1.0, 0.0, 37.0
41, 20, 0.5586422085762024, 1.0, 0.0, 92.0
41, 9, 0.7021738886833191, 1.0, 0.0, 86.0
41, 12, 0.43988269567489624, 1.0, 0.0, 36.0
41, 5, 0.635443925857544, 1.0, 0.0, 23.0
41, 18, 0.4231410622596741, 1.0, 0.0, 95.0
41, 3, 0.5072231292724609, 1.0, 0.0, 89.0
41, 6, 0.5996246933937073, 1.0, 0.0, 36.0
41, 13, 0.24358293414115906, 1.0, 0.0, 83.0
41, 0, 0.7026398181915283, 1.0, 0.0, 48.0
41, 4, 0.3684613108634949, 1.0, 0.0, 20.0
41, 8, 0.7101855278015137, 1.0, 0.0, 36.0
41, 19, 0.6857945919036865, 1.0, 0.0, 82.0
41, 7, 0.603243887424469, 1.0, 0.0, 64.0
41, 21, 0.7077458500862122, 1.0, 0.0, 79.0
41, 17, 0.43209680914878845, 1.0, 0.0, 73.0
41, 10, 0.4139472246170044, 1.0, 0.0, 52.0
41, 15, 0.47691836953163147, 1.0, 0.0, 93.0
41, 16, 0.7003060579299927, 1.0, 0.0, 10.0
41, 14, 0.4752292037010193, 1.0, 0.0, 33.0
41, 22, 0.6701796054840088, 1.0, 0.0, 72.0
42, 10, 0.5600809454917908, 1.0, 0.0, 79.0
42, 7, 0.4715132415294647, 1.0, 0.0, 68.0
42, 2, 0.5157061815261841, 1.0, 0.0, 37.0
42, 22, 0.639387845993042, 1.0, 0.0, 83.0
42, 15, 0.679990828037262, 1.0, 0.0, 69.0
42, 4, 0.4642823040485382, 1.0, 0.0, 100.0
42, 3, 0.4993757903575897, 1.0, 0.0, 36.0
42, 23, 0.7542397975921631, 1.0, 0.0, 76.0
42, 9, 0.49749162793159485, 1.0, 0.0, 23.0
42, 6, 0.37997716665267944, 1.0, 0.0, 65.0
42, 19, 0.5427432060241699, 1.0, 0.0, 89.0
42, 5, 0.7370486855506897, 1.0, 0.0, 99.0
42, 11, 0.5942395925521851, 1.0, 0.0, 27.0
42, 12, 0.7605082988739014, 1.0, 0.0, 72.0
42, 1, 0.7066891193389893, 1.0, 0.0, 18.0
42, 20, 0.64423006772995, 1.0, 0.0, 20.0
42, 18, 0.48339125514030457, 1.0, 0.0, 75.0
42, 21, 0.7134570479393005, 1.0, 0.0, 41.0
42, 0, 0.694936990737915, 1.0, 0.0, 66.0
42, 14, 0.6977037787437439, 1.0, 0.0, 95.0
42, 16, 0.71489018201828, 1.0, 0.0, 48.0
42, 17, 0.31324630975723267, 1.0, 0.0, 61.0
42, 13, 0.5268189311027527, 1.0, 0.0, 19.0
42, 8, 0.6966223120689392, 1.0, 0.0, 31.0
43, 8, 0.668533444404602, 1.0, 0.0, 86.0
43, 10, 0.38367486000061035, 1.0, 0.0, 69.0
43, 19, 0.6693862676620483, 1.0, 0.0, 54.0
43, 20, 0.6048451662063599, 1.0, 0.0, 94.0
43, 0, 0.6799325942993164, 1.0, 0.0, 89.0
43, 2, 0.665973961353302, 1.0, 0.0, 77.0
43, 14, 0.6721339225769043, 1.0, 0.0, 75.0
43, 13, 0.22295981645584106, 1.0, 0.0, 19.0
43, 3, 0.46664881706237793, 1.0, 0.0, 43.0
43, 21, 0.697126567363739, 1.0, 0.0, 19.0
43, 7, 0.6401284337043762, 1.0, 0.0, 45.0
43, 17, 0.35464099049568176, 1.0, 0.0, 26.0
43, 5, 0.6399790644645691, 1.0, 0.0, 41.0
43, 4, 0.3103184401988983, 1.0, 0.0, 23.0
43, 22, 0.6445198059082031, 1.0, 0.0, 30.0
43, 18, 0.3624739348888397, 1.0, 0.0, 53.0
43, 23, 0.4216253161430359, 1.0, 0.0, 43.0
43, 12, 0.4328445792198181, 1.0, 0.0, 27.0
43, 9, 0.7204013466835022, 1.0, 0.0, 24.0
43, 15, 0.4655304253101349, 1.0, 0.0, 19.0
43, 16, 0.6719481348991394, 1.0, 0.0, 19.0
43, 11, 0.7003471255302429, 1.0, 0.0, 41.0
43, 6, 0.5660901069641113, 1.0, 0.0, 13.0
43, 1, 0.670596718788147, 1.0, 0.0, 14.0
44, 10, 0.5754279494285583, 1.0, 0.0, 45.0
44, 19, 0.5699392557144165, 1.0, 0.0, 76.0
44, 4, 0.6801185607910156, 1.0, 0.0, 24.0
44, 23, 0.5397509932518005, 1.0, 0.0, 51.0
44, 5, 0.7297226786613464, 1.0, 0.0, 59.0
44, 9, 0.5416387915611267, 1.0, 0.0, 97.0
44, 13, 0.7503982782363892, 1.0, 0.0, 50.0
44, 17, 0.49100461602211, 1.0, 0.0, 29.0
44, 0, 0.7283960580825806, 1.0, 0.0, 11.0
44, 1, 0.6632980704307556, 1.0, 0.0, 60.0
44, 7, 0.7169438600540161, 1.0, 0.0, 38.0
44, 15, 0.6961938142776489, 1.0, 0.0, 53.0
44, 22, 0.6943731904029846, 1.0, 0.0, 88.0
44, 8, 0.7090479731559753, 1.0, 0.0, 94.0
44, 16, 0.6793302297592163, 1.0, 0.0, 32.0
44, 12, 0.747018575668335, 1.0, 0.0, 95.0
44, 18, 0.6866574287414551, 1.0, 0.0, 90.0
44, 3, 0.4931335747241974, 1.0, 0.0, 39.0
44, 11, 0.6883385181427002, 1.0, 0.0, 97.0
44, 21, 0.7239871621131897, 1.0, 0.0, 43.0
44, 6, 0.5915470123291016, 1.0, 0.0, 82.0
44, 14, 0.7368155717849731, 1.0, 0.0, 47.0
44, 2, 0.7222444415092468, 1.0, 0.0, 55.0
44, 20, 0.6816566586494446, 1.0, 0.0, 34.0
45, 15, 0.4749312102794647, 1.0, 0.0, 22.0
45, 3, 0.6096843481063843, 1.0, 0.0, 87.0
45, 16, 0.3465070128440857, 1.0, 0.0, 92.0
45, 13, 0.22039298713207245, 1.0, 0.0, 70.0
45, 1, 0.5980108976364136, 1.0, 0.0, 65.0
45, 7, 0.8014160990715027, 1.0, 0.0, 51.0
45, 4, 0.3513436019420624, 1.0, 0.0, 58.0
45, 8, 0.6741337180137634, 1.0, 0.0, 21.0
45, 9, 0.39272576570510864, 1.0, 0.0, 51.0
45, 14, 0.5768357515335083, 1.0, 0.0, 68.0
45, 22, 0.6665139198303223, 1.0, 0.0, 20.0
45, 23, 0.44848543405532837, 1.0, 0.0, 91.0
45, 18, 0.26740792393684387, 1.0, 0.0, 12.0
45, 2, 0.7049795985221863, 1.0, 0.0, 10.0
45, 12, 0.41583576798439026, 1.0, 0.0, 48.0
45, 20, 0.6288532614707947, 1.0, 0.0, 58.0
45, 10, 0.417151540517807, 1.0, 0.0, 25.0
45, 5, 0.5405547022819519, 1.0, 0.0, 26.0
45, 17, 0.7414424419403076, 1.0, 0.0, 56.0
45, 6, 0.6320169568061829, 1.0, 0.0, 69.0
45, 19, 0.5666757225990295, 1.0, 0.0, 98.0
45, 0, 0.6688598394393921, 1.0, 0.0, 61.0
45, 11, 0.588422954082489, 1.0, 0.0, 21.0
45, 21, 0.6956987380981445, 1.0, 0.0, 27.0
46, 12, 0.5447703003883362, 1.0, 0.0, 87.0
46, 9, 0.6200668811798096, 1.0, 0.0, 97.0
46, 1, 0.6350657939910889, 1.0, 0.0, 74.0
46, 20, 0.7039965391159058, 1.0, 0.0, 96.0
46, 17, 0.5, 1.0, 0.0, 45.0
46, 6, 0.6032147407531738, 1.0, 0.0, 71.0
46, 8, 0.7549002170562744, 1.0, 0.0, 79.0
46, 5, 0.751613438129425, 1.0, 0.0, 29.0
46, 3, 0.7506688237190247, 1.0, 0.0, 92.0
46, 0, 0.7130706906318665, 1.0, 0.0, 45.0
46, 13, 0.3471410870552063, 1.0, 0.0, 69.0
46, 15, 0.48364415764808655, 1.0, 0.0, 47.0
46, 21, 0.6956987380981445, 1.0, 0.0, 32.0
46, 14, 0.5073597431182861, 1.0, 0.0, 98.0
46, 10, 0.4743233025074005, 1.0, 0.0, 32.0
46, 16, 0.7285739779472351, 1.0, 0.0, 64.0
46, 23, 0.49651995301246643, 1.0, 0.0, 47.0
46, 11, 0.7207993268966675, 1.0, 0.0, 46.0
46, 4, 0.3834751844406128, 1.0, 0.0, 75.0
46, 22, 0.6579912304878235, 1.0, 0.0, 57.0
46, 19, 0.668389081954956, 1.0, 0.0, 86.0
46, 2, 0.6853169202804565, 1.0, 0.0, 60.0
46, 18, 0.48582348227500916, 1.0, 0.0, 78.0
46, 7, 0.6960316300392151, 1.0, 0.0, 40.0
47, 23, 0.7670816779136658, 1.0, 0.0, 45.0
47, 21, 0.4895591735839844, 1.0, 0.0, 49.0
47, 20, 0.45260027050971985, 1.0, 0.0, 86.0
47, 12, 0.660312831401825, 1.0, 0.0, 83.0
47, 8, 0.384931743144989, 1.0, 0.0, 21.0
47, 9, 0.37976589798927307, 1.0, 0.0, 33.0
47, 15, 0.5793335437774658, 1.0, 0.0, 19.0
47, 7, 0.4711839258670807, 1.0, 0.0, 10.0
47, 16, 0.43059056997299194, 1.0, 0.0, 65.0
47, 3, 0.45166754722595215, 1.0, 0.0, 40.0
47, 11, 0.47987616062164307, 1.0, 0.0, 13.0
47, 22, 0.47232404351234436, 1.0, 0.0, 38.0
47, 19, 0.472667932510376, 1.0, 0.0, 79.0
47, 5, 0.367172509431839, 1.0, 0.0, 32.0
47, 6, 0.40673956274986267, 1.0, 0.0, 60.0
47, 10, 0.7725777626037598, 1.0, 0.0, 96.0
47, 14, 0.4182858169078827, 1.0, 0.0, 81.0
47, 13, 0.5192069411277771, 1.0, 0.0, 33.0
47, 1, 0.38314083218574524, 1.0, 0.0, 88.0
47, 2, 0.3687155246734619, 1.0, 0.0, 28.0
47, 4, 0.6716075539588928, 1.0, 0.0, 29.0
47, 0, 0.347348153591156, 1.0, 0.0, 41.0
47, 18, 0.7977762222290039, 1.0, 0.0, 92.0
47, 17, 0.42238497734069824, 1.0, 0.0, 35.0
48, 6, 0.5759627819061279, 1.0, 0.0, 89.0
48, 1, 0.6419634222984314, 1.0, 0.0, 96.0
48, 5, 0.7140240669250488, 1.0, 0.0, 69.0
48, 8, 0.704410195350647, 1.0, 0.0, 48.0
48, 0, 0.7341731786727905, 1.0, 0.0, 41.0
48, 21, 0.7656612396240234, 1.0, 0.0, 67.0
48, 7, 0.5894944667816162, 1.0, 0.0, 30.0
48, 9, 0.6376253962516785, 1.0, 0.0, 33.0
48, 19, 0.7224186658859253, 1.0, 0.0, 29.0
48, 16, 0.6671767830848694, 1.0, 0.0, 87.0
48, 15, 0.6903087496757507, 1.0, 0.0, 62.0
48, 23, 0.7376728057861328, 1.0, 0.0, 98.0
48, 4, 0.6368939280509949, 1.0, 0.0, 36.0
48, 3, 0.5302300453186035, 1.0, 0.0, 40.0
48, 2, 0.7019422650337219, 1.0, 0.0, 33.0
48, 22, 0.6714625954627991, 1.0, 0.0, 45.0
48, 20, 0.6259520053863525, 1.0, 0.0, 60.0
48, 17, 0.3818659484386444, 1.0, 0.0, 16.0
48, 12, 0.7272727489471436, 1.0, 0.0, 10.0
48, 11, 0.6776432991027832, 1.0, 0.0, 97.0
48, 18, 0.5859624743461609, 1.0, 0.0, 31.0
48, 10, 0.7247660160064697, 1.0, 0.0, 86.0
48, 14, 0.44831356406211853, 1.0, 0.0, 51.0
48, 13, 0.7823508381843567, 1.0, 0.0, 21.0
49, 9, 0.5024247765541077, 1.0, 0.0, 44.0
49, 6, 0.6333224773406982, 1.0, 0.0, 83.0
49, 19, 0.5762850046157837, 1.0, 0.0, 12.0
49, 21, 0.703283965587616, 1.0, 0.0, 43.0
49, 14, 0.6624611020088196, 1.0, 0.0, 92.0
49, 20, 0.6598244905471802, 1.0, 0.0, 65.0
49, 22, 0.7354288697242737, 1.0, 0.0, 41.0
49, 16, 0.6598847508430481, 1.0, 0.0, 75.0
49, 7, 0.7077227234840393, 1.0, 0.0, 36.0
49, 4, 0.34206750988960266, 1.0, 0.0, 30.0
49, 15, 0.516279399394989, 1.0, 0.0, 51.0
49, 10, 0.38637322187423706, 1.0, 0.0, 33.0
49, 12, 0.4137829840183258, 1.0, 0.0, 28.0
49, 0, 0.6939741373062134, 1.0, 0.0, 84.0
49, 2, 0.7298377156257629, 1.0, 0.0, 41.0
49, 13, 0.20755885541439056, 1.0, 0.0, 21.0
49, 3, 0.4563938081264496, 1.0, 0.0, 84.0
49, 17, 0.6052380204200745, 1.0, 0.0, 34.0
49, 11, 0.6406792402267456, 1.0, 0.0, 52.0
49, 5, 0.7046049237251282, 1.0, 0.0, 18.0
49, 23, 0.3948632478713989, 1.0, 0.0, 43.0
49, 18, 0.45316192507743835, 1.0, 0.0, 80.0
49, 8, 0.6953097581863403, 1.0, 0.0, 41.0
49, 1, 0.6379531621932983, 1.0, 0.0, 68.0
50, 10, 0.6890125870704651, 1.0, 0.0, 26.0
50, 15, 0.710180401802063, 1.0, 0.0, 46.0
50, 13, 0.5318640470504761, 1.0, 0.0, 57.0
50, 9, 0.7047659158706665, 1.0, 0.0, 55.0
50, 12, 0.6990224719047546, 1.0, 0.0, 77.0
50, 20, 0.6340030431747437, 1.0, 0.0, 60.0
50, 2, 0.7197666168212891, 1.0, 0.0, 60.0
50, 11, 0.7059761881828308, 1.0, 0.0, 83.0
50, 5, 0.6991103887557983, 1.0, 0.0, 62.0
50, 3, 0.6437488794326782, 1.0, 0.0, 47.0
50, 23, 0.6956180930137634, 1.0, 0.0, 55.0
50, 17, 0.44292309880256653, 1.0, 0.0, 13.0
50, 14, 0.6731432676315308, 1.0, 0.0, 58.0
50, 18, 0.6576094627380371, 1.0, 0.0, 23.0
50, 22, 0.7245234847068787, 1.0, 0.0, 66.0
50, 6, 0.6146377325057983, 1.0, 0.0, 35.0
50, 1, 0.7163137793540955, 1.0, 0.0, 65.0
50, 8, 0.7153482437133789, 1.0, 0.0, 53.0
50, 21, 0.7619132399559021, 1.0, 0.0, 59.0
50, 19, 0.7270419597625732, 1.0, 0.0, 25.0
50, 16, 0.6980554461479187, 1.0, 0.0, 76.0
50, 4, 0.6192981004714966, 1.0, 0.0, 67.0
50, 7, 0.6891157627105713, 1.0, 0.0, 70.0
50, 0, 0.6918879747390747, 1.0, 0.0, 29.0
