1, 20, 0.3228403627872467, 1.0, 0.0, 17.0
1, 19, 0.38047322630882263, 1.0, 0.0, 12.0
1, 22, 0.45601174235343933, 1.0, 0.0, 39.0
1, 5, 0.30690738558769226, 1.0, 0.0, 83.0
1, 23, 0.4224095642566681, 1.0, 0.0, 15.0
1, 2, 0.364719033241272, 1.0, 0.0, 38.0
1, 0, 0.29631710052490234, 1.0, 0.0, 59.0
1, 12, 0.35747799277305603, 1.0, 0.0, 77.0
1, 18, 0.21097984910011292, 1.0, 0.0, 65.0
1, 15, 0.4059920608997345, 1.0, 0.0, 25.0
1, 3, 0.29793116450309753, 1.0, 0.0, 52.0
1, 9, 0.2612040042877197, 1.0, 0.0, 40.0
1, 13, 0.2795184850692749, 1.0, 0.0, 12.0
1, 21, 0.4046939015388489, 1.0, 0.0, 12.0
1, 6, 0.35019582509994507, 1.0, 0.0, 93.0
1, 16, 0.2787180542945862, 1.0, 0.0, 29.0
1, 4, 0.35507315397262573, 1.0, 0.0, 56.0
1, 8, 0.28088903427124023, 1.0, 0.0, 52.0
1, 14, 0.3945664167404175, 1.0, 0.0, 59.0
1, 10, 0.3296230733394623, 1.0, 0.0, 50.0
1, 17, 0.35145676136016846, 1.0, 0.0, 93.0
1, 1, 0.4660731554031372, 1.0, 0.0, 39.0
1, 11, 0.29195985198020935, 1.0, 0.0, 47.0
1, 7, 0.42960646748542786, 1.0, 0.0, 19.0
2, 19, 0.6928655505180359, 1.0, 0.0, 11.0
2, 7, 0.665651261806488, 1.0, 0.0, 90.0
2, 15, 0.5189544558525085, 1.0, 0.0, 46.0
2, 14, 0.6661620140075684, 1.0, 0.0, 89.0
2, 9, 0.6373745799064636, 1.0, 0.0, 39.0
2, 17, 0.410603404045105, 1.0, 0.0, 14.0
2, 10, 0.46378278732299805, 1.0, 0.0, 14.0
2, 0, 0.7554360628128052, 1.0, 0.0, 91.0
2, 1, 0.6546358466148376, 1.0, 0.0, 38.0
2, 20, 0.673533022403717, 1.0, 0.0, 11.0
2, 22, 0.6765945553779602, 1.0, 0.0, 81.0
2, 21, 0.7110476493835449, 1.0, 0.0, 67.0
2, 11, 0.7162960767745972, 1.0, 0.0, 18.0
2, 8, 0.7412495613098145, 1.0, 0.0, 22.0
2, 6, 0.587630569934845, 1.0, 0.0, 47.0
2, 18, 0.46080610156059265, 1.0, 0.0, 31.0
2, 4, 0.38720473647117615, 1.0, 0.0, 41.0
2, 5, 0.7424559593200684, 1.0, 0.0, 67.0
2, 12, 0.5168132781982422, 1.0, 0.0, 89.0
2, 3, 0.7227572798728943, 1.0, 0.0, 49.0
2, 13, 0.441582590341568, 1.0, 0.0, 58.0
2, 16, 0.7158804535865784, 1.0, 0.0, 49.0
2, 2, 0.696267306804657, 1.0, 0.0, 95.0
2, 23, 0.5139692425727844, 1.0, 0.0, 30.0
3, 3, 0.7104512453079224, 1.0, 0.0, 96.0
3, 15, 0.4897584915161133, 1.0, 0.0, 75.0
3, 12, 0.4963831901550293, 1.0, 0.0, 92.0
3, 1, 0.61461341381073, 1.0, 0.0, 13.0
3, 2, 0.7222444415092468, 1.0, 0.0, 29.0
3, 11, 0.7010038495063782, 1.0, 0.0, 51.0
3, 5, 0.7386185526847839, 1.0, 0.0, 47.0
3, 17, 0.46163031458854675, 1.0, 0.0, 100.0
3, 9, 0.60326087474823, 1.0, 0.0, 27.0
3, 13, 0.40449637174606323, 1.0, 0.0, 94.0
3, 0, 0.7494984865188599, 1.0, 0.0, 33.0
3, 18, 0.4681723415851593, 1.0, 0.0, 13.0
3, 8, 0.7317115664482117, 1.0, 0.0, 39.0
3, 14, 0.7457313537597656, 1.0, 0.0, 70.0
3, 4, 0.3640623390674591, 1.0, 0.0, 27.0
3, 22, 0.680168628692627, 1.0, 0.0, 60.0
3, 6, 0.6148825287818909, 1.0, 0.0, 97.0
3, 7, 0.6867281198501587, 1.0, 0.0, 55.0
3, 21, 0.7087274789810181, 1.0, 0.0, 80.0
3, 23, 0.4923046827316284, 1.0, 0.0, 54.0
3, 20, 0.7084935307502747, 1.0, 0.0, 50.0
3, 10, 0.4459903836250305, 1.0, 0.0, 39.0
3, 19, 0.6896020174026489, 1.0, 0.0, 76.0
3, 16, 0.7026467323303223, 1.0, 0.0, 80.0
4, 16, 0.7011163234710693, 1.0, 0.0, 74.0
4, 21, 0.7353203892707825, 1.0, 0.0, 96.0
4, 7, 0.623826801776886, 1.0, 0.0, 59.0
4, 14, 0.7149465680122375, 1.0, 0.0, 14.0
4, 17, 0.4079764485359192, 1.0, 0.0, 50.0
4, 5, 0.7030350565910339, 1.0, 0.0, 79.0
4, 20, 0.6575759649276733, 1.0, 0.0, 91.0
4, 9, 0.6053511500358582, 1.0, 0.0, 84.0
4, 1, 0.7634745240211487, 1.0, 0.0, 17.0
4, 19, 0.719517707824707, 1.0, 0.0, 34.0
4, 12, 0.47771260142326355, 1.0, 0.0, 89.0
4, 4, 0.37869369983673096, 1.0, 0.0, 74.0
4, 2, 0.7266405820846558, 1.0, 0.0, 85.0
4, 22, 0.6798936724662781, 1.0, 0.0, 51.0
4, 8, 0.716398298740387, 1.0, 0.0, 31.0
4, 23, 0.46093520522117615, 1.0, 0.0, 65.0
4, 15, 0.5756649374961853, 1.0, 0.0, 21.0
4, 13, 0.38219153881073, 1.0, 0.0, 80.0
4, 3, 0.5172998309135437, 1.0, 0.0, 81.0
4, 6, 0.5733518004417419, 1.0, 0.0, 60.0
4, 18, 0.20361362397670746, 1.0, 0.0, 66.0
4, 0, 0.7186872959136963, 1.0, 0.0, 71.0
4, 11, 0.7242705821990967, 1.0, 0.0, 56.0
4, 10, 0.4513871371746063, 1.0, 0.0, 100.0
5, 18, 0.6520500183105469, 1.0, 0.0, 74.0
5, 13, 0.7423437833786011, 1.0, 0.0, 52.0
5, 10, 0.7277173399925232, 1.0, 0.0, 13.0
5, 6, 0.37410247325897217, 1.0, 0.0, 20.0
5, 7, 0.405730277299881, 1.0, 0.0, 23.0
5, 11, 0.4582981467247009, 1.0, 0.0, 92.0
5, 17, 0.35456138849258423, 1.0, 0.0, 17.0
5, 0, 0.3751905560493469, 1.0, 0.0, 64.0
5, 12, 0.7428152561187744, 1.0, 0.0, 38.0
5, 8, 0.3982324004173279, 1.0, 0.0, 10.0
5, 1, 0.45773178339004517, 1.0, 0.0, 49.0
5, 16, 0.42329853773117065, 1.0, 0.0, 99.0
5, 5, 0.4654631018638611, 1.0, 0.0, 57.0
5, 23, 0.7874718308448792, 1.0, 0.0, 36.0
5, 22, 0.4523460268974304, 1.0, 0.0, 10.0
5, 3, 0.4186730980873108, 1.0, 0.0, 23.0
5, 9, 0.37525084614753723, 1.0, 0.0, 95.0
5, 21, 0.4800107181072235, 1.0, 0.0, 82.0
5, 2, 0.45408040285110474, 1.0, 0.0, 82.0
5, 4, 0.7519364953041077, 1.0, 0.0, 44.0
5, 14, 0.4581545889377594, 1.0, 0.0, 55.0
5, 19, 0.4612455666065216, 1.0, 0.0, 88.0
5, 15, 0.6099816560745239, 1.0, 0.0, 89.0
5, 20, 0.4543410539627075, 1.0, 0.0, 39.0
6, 6, 0.6085183024406433, 1.0, 0.0, 66.0
6, 20, 0.7040690779685974, 1.0, 0.0, 42.0
6, 1, 0.6280878782272339, 1.0, 0.0, 38.0
6, 18, 0.47970813512802124, 1.0, 0.0, 86.0
6, 11, 0.7285861968994141, 1.0, 0.0, 32.0
6, 22, 0.6802602410316467, 1.0, 0.0, 61.0
6, 15, 0.49281564354896545, 1.0, 0.0, 13.0
6, 3, 0.7470126748085022, 1.0, 0.0, 66.0
6, 17, 0.6055564284324646, 1.0, 0.0, 86.0
6, 12, 0.47605082392692566, 1.0, 0.0, 21.0
6, 8, 0.7466748356819153, 1.0, 0.0, 78.0
6, 2, 0.6320837736129761, 1.0, 0.0, 33.0
6, 23, 0.5082834959030151, 1.0, 0.0, 42.0
6, 14, 0.760619044303894, 1.0, 0.0, 24.0
6, 0, 0.714514970779419, 1.0, 0.0, 69.0
6, 10, 0.45400118827819824, 1.0, 0.0, 87.0
6, 13, 0.2365020364522934, 1.0, 0.0, 56.0
6, 19, 0.6940440535545349, 1.0, 0.0, 56.0
6, 4, 0.3909342885017395, 1.0, 0.0, 83.0
6, 21, 0.729341447353363, 1.0, 0.0, 90.0
6, 16, 0.719391405582428, 1.0, 0.0, 33.0
6, 9, 0.6102006435394287, 1.0, 0.0, 65.0
6, 7, 0.6974312663078308, 1.0, 0.0, 48.0
6, 5, 0.6992848515510559, 1.0, 0.0, 15.0
7, 14, 0.5676676034927368, 1.0, 0.0, 68.0
7, 16, 0.6182031035423279, 1.0, 0.0, 28.0
7, 20, 0.7171973586082458, 1.0, 0.0, 40.0
7, 0, 0.8073497414588928, 1.0, 0.0, 55.0
7, 8, 0.7380993962287903, 1.0, 0.0, 13.0
7, 9, 0.5204849243164062, 1.0, 0.0, 15.0
7, 21, 0.7222024202346802, 1.0, 0.0, 41.0
7, 4, 0.3760160803794861, 1.0, 0.0, 83.0
7, 2, 0.7176085114479065, 1.0, 0.0, 10.0
7, 11, 0.6828032732009888, 1.0, 0.0, 27.0
7, 22, 0.688599705696106, 1.0, 0.0, 80.0
7, 18, 0.22592078149318695, 1.0, 0.0, 58.0
7, 12, 0.5300097465515137, 1.0, 0.0, 54.0
7, 6, 0.6002774238586426, 1.0, 0.0, 10.0
7, 17, 0.5006368160247803, 1.0, 0.0, 95.0
7, 7, 0.7003128528594971, 1.0, 0.0, 99.0
7, 23, 0.5043623447418213, 1.0, 0.0, 51.0
7, 15, 0.538826048374176, 1.0, 0.0, 59.0
7, 13, 0.4463621973991394, 1.0, 0.0, 14.0
7, 5, 0.7567591071128845, 1.0, 0.0, 100.0
7, 19, 0.7011150121688843, 1.0, 0.0, 84.0
7, 3, 0.6745139956474304, 1.0, 0.0, 11.0
7, 1, 0.6572826504707336, 1.0, 0.0, 39.0
7, 10, 0.44953200221061707, 1.0, 0.0, 31.0
8, 18, 0.24628214538097382, 1.0, 0.0, 24.0
8, 22, 0.6957477927207947, 1.0, 0.0, 25.0
8, 5, 0.7591139078140259, 1.0, 0.0, 73.0
8, 7, 0.7031944394111633, 1.0, 0.0, 72.0
8, 20, 0.7026909589767456, 1.0, 0.0, 45.0
8, 15, 0.523845911026001, 1.0, 0.0, 63.0
8, 16, 0.7093086242675781, 1.0, 0.0, 90.0
8, 21, 0.6965018510818481, 1.0, 0.0, 99.0
8, 11, 0.7033492922782898, 1.0, 0.0, 56.0
8, 10, 0.4439665973186493, 1.0, 0.0, 53.0
8, 19, 0.6994832754135132, 1.0, 0.0, 74.0
8, 0, 0.8194656372070312, 1.0, 0.0, 100.0
8, 17, 0.49235790967941284, 1.0, 0.0, 46.0
8, 3, 0.670590341091156, 1.0, 0.0, 52.0
8, 1, 0.6526307463645935, 1.0, 0.0, 74.0
8, 2, 0.7109743356704712, 1.0, 0.0, 17.0
8, 23, 0.47652190923690796, 1.0, 0.0, 32.0
8, 6, 0.6249184012413025, 1.0, 0.0, 67.0
8, 4, 0.37649422883987427, 1.0, 0.0, 79.0
8, 13, 0.4407859742641449, 1.0, 0.0, 23.0
8, 12, 0.522580623626709, 1.0, 0.0, 67.0
8, 9, 0.5216554999351501, 1.0, 0.0, 90.0
8, 8, 0.7443122267723083, 1.0, 0.0, 35.0
8, 14, 0.7442173361778259, 1.0, 0.0, 37.0
9, 12, 0.5301074981689453, 1.0, 0.0, 39.0
9, 15, 0.5216294527053833, 1.0, 0.0, 16.0
9, 22, 0.6899743676185608, 1.0, 0.0, 32.0
9, 13, 0.42989909648895264, 1.0, 0.0, 78.0
9, 1, 0.601219117641449, 1.0, 0.0, 100.0
9, 20, 0.5990425944328308, 1.0, 0.0, 70.0
9, 18, 0.39840167760849, 1.0, 0.0, 23.0
9, 11, 0.7118866443634033, 1.0, 0.0, 12.0
9, 21, 0.7224701046943665, 1.0, 0.0, 88.0
9, 19, 0.5704832077026367, 1.0, 0.0, 60.0
9, 9, 0.5405518412590027, 1.0, 0.0, 53.0
9, 23, 0.4993627965450287, 1.0, 0.0, 33.0
9, 16, 0.5726503133773804, 1.0, 0.0, 28.0
9, 2, 0.71305251121521, 1.0, 0.0, 40.0
9, 6, 0.6012565493583679, 1.0, 0.0, 44.0
9, 3, 0.5526127815246582, 1.0, 0.0, 92.0
9, 14, 0.5078644156455994, 1.0, 0.0, 96.0
9, 10, 0.42676448822021484, 1.0, 0.0, 79.0
9, 0, 0.8193854093551636, 1.0, 0.0, 41.0
9, 8, 0.7378368973731995, 1.0, 0.0, 26.0
9, 17, 0.4906066060066223, 1.0, 0.0, 30.0
9, 7, 0.692491352558136, 1.0, 0.0, 73.0
9, 4, 0.3652099072933197, 1.0, 0.0, 31.0
9, 5, 0.684545636177063, 1.0, 0.0, 69.0
10, 20, 0.48589250445365906, 1.0, 0.0, 85.0
10, 21, 0.6907906532287598, 1.0, 0.0, 69.0
10, 9, 0.44682273268699646, 1.0, 0.0, 41.0
10, 13, 0.41086918115615845, 1.0, 0.0, 98.0
10, 4, 0.3789805769920349, 1.0, 0.0, 22.0
10, 11, 0.678206205368042, 1.0, 0.0, 22.0
10, 6, 0.6174934506416321, 1.0, 0.0, 83.0
10, 8, 0.7293489575386047, 1.0, 0.0, 24.0
10, 0, 0.8273289203643799, 1.0, 0.0, 88.0
10, 10, 0.4389914870262146, 1.0, 0.0, 71.0
10, 15, 0.5022164583206177, 1.0, 0.0, 10.0
10, 17, 0.46457570791244507, 1.0, 0.0, 99.0
10, 19, 0.543196439743042, 1.0, 0.0, 78.0
10, 3, 0.6983235478401184, 1.0, 0.0, 57.0
10, 18, 0.288186252117157, 1.0, 0.0, 27.0
10, 7, 0.6955376267433167, 1.0, 0.0, 77.0
10, 23, 0.4481913447380066, 1.0, 0.0, 37.0
10, 5, 0.6739054322242737, 1.0, 0.0, 95.0
10, 16, 0.6895030736923218, 1.0, 0.0, 89.0
10, 2, 0.697066605091095, 1.0, 0.0, 96.0
10, 22, 0.6701796054840088, 1.0, 0.0, 50.0
10, 1, 0.5891081094741821, 1.0, 0.0, 20.0
10, 12, 0.4985337257385254, 1.0, 0.0, 100.0
10, 14, 0.4821263253688812, 1.0, 0.0, 100.0
11, 10, 0.411839097738266, 1.0, 0.0, 98.0
11, 5, 0.7638234496116638, 1.0, 0.0, 83.0
11, 14, 0.4952477216720581, 1.0, 0.0, 62.0
11, 20, 0.6984840631484985, 1.0, 0.0, 30.0
11, 15, 0.49801284074783325, 1.0, 0.0, 86.0
11, 22, 0.7040872573852539, 1.0, 0.0, 24.0
11, 12, 0.5115346908569336, 1.0, 0.0, 43.0
11, 11, 0.6468712091445923, 1.0, 0.0, 66.0
11, 23, 0.4592686891555786, 1.0, 0.0, 53.0
11, 9, 0.403762549161911, 1.0, 0.0, 65.0
11, 21, 0.7205068469047546, 1.0, 0.0, 33.0
11, 13, 0.3841387927532196, 1.0, 0.0, 17.0
11, 17, 0.5007960796356201, 1.0, 0.0, 65.0
11, 8, 0.7259362936019897, 1.0, 0.0, 45.0
11, 0, 0.8375190496444702, 1.0, 0.0, 71.0
11, 18, 0.22522585093975067, 1.0, 0.0, 59.0
11, 3, 0.5158730149269104, 1.0, 0.0, 78.0
11, 6, 0.616432785987854, 1.0, 0.0, 33.0
11, 16, 0.5964170098304749, 1.0, 0.0, 66.0
11, 4, 0.3567945063114166, 1.0, 0.0, 66.0
11, 1, 0.6250401139259338, 1.0, 0.0, 40.0
11, 19, 0.5887045860290527, 1.0, 0.0, 62.0
11, 7, 0.6922443509101868, 1.0, 0.0, 72.0
11, 2, 0.726960301399231, 1.0, 0.0, 33.0
12, 19, 0.5615084767341614, 1.0, 0.0, 97.0
12, 10, 0.3948899507522583, 1.0, 0.0, 86.0
12, 23, 0.4441721439361572, 1.0, 0.0, 26.0
12, 14, 0.7408528923988342, 1.0, 0.0, 51.0
12, 13, 0.33961763978004456, 1.0, 0.0, 84.0
12, 5, 0.7492586970329285, 1.0, 0.0, 79.0
12, 0, 0.8369573950767517, 1.0, 0.0, 10.0
12, 21, 0.7107799649238586, 1.0, 0.0, 19.0
12, 1, 0.6203882098197937, 1.0, 0.0, 55.0
12, 15, 0.4789055287837982, 1.0, 0.0, 12.0
12, 12, 0.4877810478210449, 1.0, 0.0, 53.0
12, 18, 0.4486449062824249, 1.0, 0.0, 15.0
12, 11, 0.6824280023574829, 1.0, 0.0, 10.0
12, 20, 0.6832523345947266, 1.0, 0.0, 33.0
12, 22, 0.6883248090744019, 1.0, 0.0, 57.0
12, 3, 0.5547530055046082, 1.0, 0.0, 31.0
12, 4, 0.350387305021286, 1.0, 0.0, 47.0
12, 8, 0.7370493412017822, 1.0, 0.0, 18.0
12, 16, 0.4906373918056488, 1.0, 0.0, 35.0
12, 2, 0.6907521486282349, 1.0, 0.0, 15.0
12, 9, 0.5172240734100342, 1.0, 0.0, 19.0
12, 17, 0.4370323121547699, 1.0, 0.0, 99.0
12, 7, 0.6803062558174133, 1.0, 0.0, 41.0
12, 6, 0.616432785987854, 1.0, 0.0, 30.0
13, 16, 0.6967051029205322, 1.0, 0.0, 34.0
13, 10, 0.41268235445022583, 1.0, 0.0, 14.0
13, 9, 0.6328595280647278, 1.0, 0.0, 97.0
13, 21, 0.7105122208595276, 1.0, 0.0, 19.0
13, 5, 0.6897784471511841, 1.0, 0.0, 48.0
13, 2, 0.697066605091095, 1.0, 0.0, 10.0
13, 0, 0.8319826722145081, 1.0, 0.0, 80.0
13, 18, 0.46858930587768555, 1.0, 0.0, 30.0
13, 3, 0.6902978420257568, 1.0, 0.0, 97.0
13, 15, 0.49503210186958313, 1.0, 0.0, 94.0
13, 13, 0.408567875623703, 1.0, 0.0, 16.0
13, 19, 0.7063729763031006, 1.0, 0.0, 92.0
13, 17, 0.5546091198921204, 1.0, 0.0, 76.0
13, 4, 0.3732427954673767, 1.0, 0.0, 99.0
13, 22, 0.6763196587562561, 1.0, 0.0, 21.0
13, 14, 0.701993465423584, 1.0, 0.0, 36.0
13, 6, 0.611047625541687, 1.0, 0.0, 59.0
13, 11, 0.7021296620368958, 1.0, 0.0, 73.0
13, 1, 0.6291306018829346, 1.0, 0.0, 14.0
13, 12, 0.4922776222229004, 1.0, 0.0, 65.0
13, 20, 0.6733879446983337, 1.0, 0.0, 73.0
13, 7, 0.6668038964271545, 1.0, 0.0, 28.0
13, 8, 0.7263737916946411, 1.0, 0.0, 44.0
13, 23, 0.46848347783088684, 1.0, 0.0, 12.0
14, 7, 0.506257176399231, 1.0, 0.0, 24.0
14, 22, 0.6939149498939514, 1.0, 0.0, 28.0
14, 11, 0.6694812178611755, 1.0, 0.0, 92.0
14, 8, 0.7155233025550842, 1.0, 0.0, 76.0
14, 2, 0.6866757273674011, 1.0, 0.0, 42.0
14, 20, 0.6379923224449158, 1.0, 0.0, 43.0
14, 10, 0.42684879899024963, 1.0, 0.0, 20.0
14, 13, 0.4163568913936615, 1.0, 0.0, 81.0
14, 18, 0.28088951110839844, 1.0, 0.0, 62.0
14, 14, 0.7122550010681152, 1.0, 0.0, 10.0
14, 3, 0.5112359523773193, 1.0, 0.0, 94.0
14, 6, 0.42460834980010986, 1.0, 0.0, 52.0
14, 1, 0.7972409129142761, 1.0, 0.0, 90.0
14, 21, 0.722648561000824, 1.0, 0.0, 50.0
14, 4, 0.37467724084854126, 1.0, 0.0, 81.0
14, 0, 0.7169221043586731, 1.0, 0.0, 29.0
14, 9, 0.5086120367050171, 1.0, 0.0, 38.0
14, 16, 0.71489018201828, 1.0, 0.0, 48.0
14, 12, 0.46324536204338074, 1.0, 0.0, 24.0
14, 23, 0.4691696763038635, 1.0, 0.0, 35.0
14, 19, 0.5661318302154541, 1.0, 0.0, 15.0
14, 15, 0.5667991638183594, 1.0, 0.0, 67.0
14, 17, 0.34612321853637695, 1.0, 0.0, 92.0
14, 5, 0.6823652386665344, 1.0, 0.0, 90.0
15, 17, 0.4833625257015228, 1.0, 0.0, 44.0
15, 1, 0.6164581179618835, 1.0, 0.0, 74.0
15, 19, 0.5718429684638977, 1.0, 0.0, 71.0
15, 7, 0.5514572858810425, 1.0, 0.0, 77.0
15, 20, 0.6629433631896973, 1.0, 0.0, 16.0
15, 3, 0.43971821665763855, 1.0, 0.0, 36.0
15, 16, 0.3549693822860718, 1.0, 0.0, 67.0
15, 11, 0.5181536674499512, 1.0, 0.0, 36.0
15, 2, 0.6778035163879395, 1.0, 0.0, 40.0
15, 22, 0.6965726017951965, 1.0, 0.0, 12.0
15, 18, 0.20444753766059875, 1.0, 0.0, 57.0
15, 6, 0.5248041749000549, 1.0, 0.0, 87.0
15, 0, 0.8103987574577332, 1.0, 0.0, 88.0
15, 12, 0.46588465571403503, 1.0, 0.0, 87.0
15, 10, 0.37001433968544006, 1.0, 0.0, 87.0
15, 8, 0.7013475894927979, 1.0, 0.0, 55.0
15, 23, 0.38888344168663025, 1.0, 0.0, 22.0
15, 21, 0.6853471398353577, 1.0, 0.0, 99.0
15, 15, 0.4847905933856964, 1.0, 0.0, 16.0
15, 13, 0.2595149576663971, 1.0, 0.0, 100.0
15, 14, 0.6820590496063232, 1.0, 0.0, 77.0
15, 4, 0.3578464090824127, 1.0, 0.0, 15.0
15, 5, 0.7257980108261108, 1.0, 0.0, 82.0
15, 9, 0.3282608687877655, 1.0, 0.0, 22.0
16, 3, 0.5075798034667969, 1.0, 0.0, 74.0
16, 19, 0.5951409935951233, 1.0, 0.0, 81.0
16, 11, 0.6308283805847168, 1.0, 0.0, 80.0
16, 23, 0.42799726128578186, 1.0, 0.0, 24.0
16, 2, 0.7315162420272827, 1.0, 0.0, 61.0
16, 22, 0.7225073575973511, 1.0, 0.0, 100.0
16, 13, 0.3661710023880005, 1.0, 0.0, 95.0
16, 20, 0.657648503780365, 1.0, 0.0, 34.0
16, 5, 0.7680969834327698, 1.0, 0.0, 98.0
16, 16, 0.48046451807022095, 1.0, 0.0, 34.0
16, 8, 0.7212110757827759, 1.0, 0.0, 53.0
16, 15, 0.5094771981239319, 1.0, 0.0, 62.0
16, 17, 0.5241999626159668, 1.0, 0.0, 17.0
16, 7, 0.5819199681282043, 1.0, 0.0, 55.0
16, 12, 0.4956989288330078, 1.0, 0.0, 14.0
16, 18, 0.25608059763908386, 1.0, 0.0, 13.0
16, 1, 0.6334616541862488, 1.0, 0.0, 41.0
16, 14, 0.4803600013256073, 1.0, 0.0, 36.0
16, 9, 0.3913043439388275, 1.0, 0.0, 51.0
16, 10, 0.4077915549278259, 1.0, 0.0, 80.0
16, 4, 0.3741990923881531, 1.0, 0.0, 29.0
16, 21, 0.6929323673248291, 1.0, 0.0, 15.0
16, 6, 0.6020724773406982, 1.0, 0.0, 89.0
16, 0, 0.8586215376853943, 1.0, 0.0, 21.0
17, 18, 0.42800554633140564, 1.0, 0.0, 31.0
17, 12, 0.48973608016967773, 1.0, 0.0, 80.0
17, 3, 0.504726231098175, 1.0, 0.0, 90.0
17, 17, 0.4626651704311371, 1.0, 0.0, 83.0
17, 11, 0.6652594208717346, 1.0, 0.0, 20.0
17, 23, 0.433388888835907, 1.0, 0.0, 95.0
17, 10, 0.40011805295944214, 1.0, 0.0, 46.0
17, 0, 0.8619914650917053, 1.0, 0.0, 64.0
17, 7, 0.6208628416061401, 1.0, 0.0, 60.0
17, 14, 0.699890673160553, 1.0, 0.0, 80.0
17, 21, 0.7159557342529297, 1.0, 0.0, 82.0
17, 4, 0.36444488167762756, 1.0, 0.0, 92.0
17, 20, 0.6691085696220398, 1.0, 0.0, 41.0
17, 19, 0.5676729083061218, 1.0, 0.0, 56.0
17, 8, 0.7268113493919373, 1.0, 0.0, 16.0
17, 5, 0.7666143178939819, 1.0, 0.0, 25.0
17, 15, 0.4899877607822418, 1.0, 0.0, 100.0
17, 22, 0.693456768989563, 1.0, 0.0, 81.0
17, 2, 0.7025817036628723, 1.0, 0.0, 88.0
17, 16, 0.6675369143486023, 1.0, 0.0, 35.0
17, 13, 0.37466809153556824, 1.0, 0.0, 28.0
17, 6, 0.6247552037239075, 1.0, 0.0, 52.0
17, 1, 0.6314565539360046, 1.0, 0.0, 47.0
17, 9, 0.5309364795684814, 1.0, 0.0, 72.0
18, 14, 0.6781058311462402, 1.0, 0.0, 40.0
18, 17, 0.536220371723175, 1.0, 0.0, 95.0
18, 16, 0.685001790523529, 1.0, 0.0, 29.0
18, 21, 0.7110476493835449, 1.0, 0.0, 88.0
18, 20, 0.6724450588226318, 1.0, 0.0, 73.0
18, 7, 0.6995718479156494, 1.0, 0.0, 20.0
18, 18, 0.3105628788471222, 1.0, 0.0, 84.0
18, 3, 0.5439628958702087, 1.0, 0.0, 29.0
18, 9, 0.47725751996040344, 1.0, 0.0, 42.0
18, 6, 0.6329960823059082, 1.0, 0.0, 80.0
18, 4, 0.36712250113487244, 1.0, 0.0, 42.0
18, 22, 0.7169171571731567, 1.0, 0.0, 19.0
18, 8, 0.7352117896080017, 1.0, 0.0, 18.0
18, 15, 0.5170437097549438, 1.0, 0.0, 47.0
18, 19, 0.5827214121818542, 1.0, 0.0, 17.0
18, 12, 0.5067448616027832, 1.0, 0.0, 64.0
18, 5, 0.7004186511039734, 1.0, 0.0, 24.0
18, 13, 0.40086740255355835, 1.0, 0.0, 14.0
18, 23, 0.4636800289154053, 1.0, 0.0, 56.0
18, 1, 0.6346647143363953, 1.0, 0.0, 66.0
18, 10, 0.40391263365745544, 1.0, 0.0, 19.0
18, 0, 0.8525234460830688, 1.0, 0.0, 12.0
18, 2, 0.710654616355896, 1.0, 0.0, 96.0
18, 11, 0.6740782260894775, 1.0, 0.0, 83.0
19, 23, 0.4464268088340759, 1.0, 0.0, 64.0
19, 10, 0.41150182485580444, 1.0, 0.0, 66.0
19, 22, 0.6830095052719116, 1.0, 0.0, 20.0
19, 5, 0.6425082683563232, 1.0, 0.0, 23.0
19, 1, 0.8222649693489075, 1.0, 0.0, 65.0
19, 0, 0.7012757658958435, 1.0, 0.0, 66.0
19, 3, 0.44212591648101807, 1.0, 0.0, 71.0
19, 12, 0.4458455443382263, 1.0, 0.0, 93.0
19, 7, 0.5138317346572876, 1.0, 0.0, 44.0
19, 8, 0.5331641435623169, 1.0, 0.0, 87.0
19, 2, 0.45903605222702026, 1.0, 0.0, 76.0
19, 15, 0.5421889424324036, 1.0, 0.0, 10.0
19, 19, 0.5800924897193909, 1.0, 0.0, 16.0
19, 9, 0.4348662197589874, 1.0, 0.0, 83.0
19, 17, 0.3689699172973633, 1.0, 0.0, 65.0
19, 13, 0.339971661567688, 1.0, 0.0, 95.0
19, 16, 0.4896470904350281, 1.0, 0.0, 39.0
19, 4, 0.353160560131073, 1.0, 0.0, 51.0
19, 6, 0.4016807973384857, 1.0, 0.0, 15.0
19, 20, 0.5999854803085327, 1.0, 0.0, 25.0
19, 14, 0.6717133522033691, 1.0, 0.0, 32.0
19, 21, 0.6973050236701965, 1.0, 0.0, 18.0
19, 18, 0.3500347435474396, 1.0, 0.0, 17.0
19, 11, 0.549957811832428, 1.0, 0.0, 62.0
20, 23, 0.4352514445781708, 1.0, 0.0, 44.0
20, 0, 0.8616705536842346, 1.0, 0.0, 74.0
20, 5, 0.7610326409339905, 1.0, 0.0, 74.0
20, 3, 0.5053504705429077, 1.0, 0.0, 54.0
20, 14, 0.44309866428375244, 1.0, 0.0, 22.0
20, 12, 0.4826001822948456, 1.0, 0.0, 11.0
20, 4, 0.37582480907440186, 1.0, 0.0, 75.0
20, 19, 0.5767382979393005, 1.0, 0.0, 38.0
20, 10, 0.40939369797706604, 1.0, 0.0, 76.0
20, 17, 0.5066072344779968, 1.0, 0.0, 75.0
20, 21, 0.6950740814208984, 1.0, 0.0, 53.0
20, 22, 0.6893328428268433, 1.0, 0.0, 77.0
20, 18, 0.2837387025356293, 1.0, 0.0, 97.0
20, 16, 0.6904033422470093, 1.0, 0.0, 38.0
20, 8, 0.71919846534729, 1.0, 0.0, 19.0
20, 1, 0.630413830280304, 1.0, 0.0, 76.0
20, 20, 0.6202219724655151, 1.0, 0.0, 87.0
20, 7, 0.5329326391220093, 1.0, 0.0, 54.0
20, 2, 0.6916313767433167, 1.0, 0.0, 67.0
20, 11, 0.652218759059906, 1.0, 0.0, 47.0
20, 9, 0.45418059825897217, 1.0, 0.0, 24.0
20, 15, 0.48608988523483276, 1.0, 0.0, 44.0
20, 6, 0.578900158405304, 1.0, 0.0, 62.0
20, 13, 0.3745795786380768, 1.0, 0.0, 67.0
21, 12, 0.48103615641593933, 1.0, 0.0, 36.0
21, 10, 0.40231049060821533, 1.0, 0.0, 22.0
21, 17, 0.48296448588371277, 1.0, 0.0, 61.0
21, 7, 0.676766037940979, 1.0, 0.0, 13.0
21, 22, 0.7069281339645386, 1.0, 0.0, 61.0
21, 23, 0.44270169734954834, 1.0, 0.0, 22.0
21, 13, 0.39387503266334534, 1.0, 0.0, 78.0
21, 6, 0.6348727345466614, 1.0, 0.0, 42.0
21, 14, 0.4684161841869354, 1.0, 0.0, 17.0
21, 16, 0.6814007759094238, 1.0, 0.0, 36.0
21, 20, 0.6171755790710449, 1.0, 0.0, 75.0
21, 9, 0.5255016684532166, 1.0, 0.0, 59.0
21, 1, 0.6330606341362, 1.0, 0.0, 79.0
21, 15, 0.5019107460975647, 1.0, 0.0, 83.0
21, 18, 0.42383599281311035, 1.0, 0.0, 54.0
21, 5, 0.7578057050704956, 1.0, 0.0, 10.0
21, 3, 0.5152487754821777, 1.0, 0.0, 73.0
21, 4, 0.3742947280406952, 1.0, 0.0, 73.0
21, 21, 0.7143494486808777, 1.0, 0.0, 43.0
21, 2, 0.7084165811538696, 1.0, 0.0, 80.0
21, 11, 0.6828970909118652, 1.0, 0.0, 65.0
21, 8, 0.7288239598274231, 1.0, 0.0, 17.0
21, 0, 0.8611891269683838, 1.0, 0.0, 54.0
21, 19, 0.569576621055603, 1.0, 0.0, 97.0
22, 0, 0.8517211079597473, 1.0, 0.0, 59.0
22, 14, 0.45764991641044617, 1.0, 0.0, 29.0
22, 11, 0.5983675718307495, 1.0, 0.0, 45.0
22, 5, 0.693005383014679, 1.0, 0.0, 83.0
22, 10, 0.4014672338962555, 1.0, 0.0, 41.0
22, 19, 0.5876167416572571, 1.0, 0.0, 50.0
22, 2, 0.7204060554504395, 1.0, 0.0, 74.0
22, 16, 0.4345516860485077, 1.0, 0.0, 66.0
22, 13, 0.4123738706111908, 1.0, 0.0, 28.0
22, 22, 0.7131597995758057, 1.0, 0.0, 82.0
22, 12, 0.5029325485229492, 1.0, 0.0, 96.0
22, 18, 0.18443363904953003, 1.0, 0.0, 30.0
22, 3, 0.5016943216323853, 1.0, 0.0, 44.0
22, 21, 0.721042275428772, 1.0, 0.0, 94.0
22, 6, 0.6173303127288818, 1.0, 0.0, 31.0
22, 15, 0.5223173499107361, 1.0, 0.0, 44.0
22, 4, 0.36148035526275635, 1.0, 0.0, 72.0
22, 23, 0.4573081135749817, 1.0, 0.0, 19.0
22, 8, 0.7245362401008606, 1.0, 0.0, 51.0
22, 9, 0.3890468180179596, 1.0, 0.0, 25.0
22, 20, 0.5171538591384888, 1.0, 0.0, 30.0
22, 17, 0.48360133171081543, 1.0, 0.0, 23.0
22, 7, 0.5608430504798889, 1.0, 0.0, 85.0
22, 1, 0.6000962257385254, 1.0, 0.0, 58.0
23, 12, 0.43098729848861694, 1.0, 0.0, 29.0
23, 18, 0.20681028068065643, 1.0, 0.0, 61.0
23, 11, 0.5981799364089966, 1.0, 0.0, 34.0
23, 2, 0.6612581014633179, 1.0, 0.0, 34.0
23, 15, 0.5325588583946228, 1.0, 0.0, 27.0
23, 9, 0.37123745679855347, 1.0, 0.0, 97.0
23, 23, 0.4230957627296448, 1.0, 0.0, 21.0
23, 0, 0.7109845280647278, 1.0, 0.0, 66.0
23, 10, 0.4092250466346741, 1.0, 0.0, 21.0
23, 8, 0.6790339350700378, 1.0, 0.0, 76.0
23, 3, 0.4329409599304199, 1.0, 0.0, 45.0
23, 14, 0.6647320985794067, 1.0, 0.0, 65.0
23, 19, 0.5620523691177368, 1.0, 0.0, 89.0
23, 16, 0.4697515368461609, 1.0, 0.0, 48.0
23, 1, 0.8334937691688538, 1.0, 0.0, 23.0
23, 21, 0.6812421679496765, 1.0, 0.0, 83.0
23, 22, 0.6853922009468079, 1.0, 0.0, 61.0
23, 6, 0.40062010288238525, 1.0, 0.0, 34.0
23, 7, 0.5190185904502869, 1.0, 0.0, 59.0
23, 20, 0.601000964641571, 1.0, 0.0, 36.0
23, 13, 0.3471410870552063, 1.0, 0.0, 83.0
23, 5, 0.6361416578292847, 1.0, 0.0, 16.0
23, 17, 0.4326540231704712, 1.0, 0.0, 46.0
23, 4, 0.347614049911499, 1.0, 0.0, 93.0
24, 0, 0.8706571459770203, 1.0, 0.0, 15.0
24, 3, 0.523809552192688, 1.0, 0.0, 85.0
24, 1, 0.599534809589386, 1.0, 0.0, 84.0
24, 5, 0.6728588938713074, 1.0, 0.0, 32.0
24, 4, 0.3639667332172394, 1.0, 0.0, 22.0
24, 22, 0.6637646555900574, 1.0, 0.0, 75.0
24, 7, 0.6533838510513306, 1.0, 0.0, 56.0
24, 19, 0.5458254218101501, 1.0, 0.0, 77.0
24, 20, 0.5844635963439941, 1.0, 0.0, 93.0
24, 2, 0.6798017621040344, 1.0, 0.0, 97.0
24, 23, 0.43064406514167786, 1.0, 0.0, 79.0
24, 15, 0.48226842284202576, 1.0, 0.0, 61.0
24, 16, 0.47290241718292236, 1.0, 0.0, 47.0
24, 18, 0.3639332950115204, 1.0, 0.0, 82.0
24, 11, 0.6583169102668762, 1.0, 0.0, 74.0
24, 10, 0.3835905194282532, 1.0, 0.0, 31.0
24, 21, 0.6769587993621826, 1.0, 0.0, 22.0
24, 9, 0.5114548206329346, 1.0, 0.0, 99.0
24, 17, 0.44539085030555725, 1.0, 0.0, 78.0
24, 13, 0.37564170360565186, 1.0, 0.0, 52.0
24, 12, 0.4660801589488983, 1.0, 0.0, 84.0
24, 14, 0.43216419219970703, 1.0, 0.0, 74.0
24, 8, 0.7156108021736145, 1.0, 0.0, 70.0
24, 6, 0.6281005144119263, 1.0, 0.0, 66.0
25, 19, 0.569123387336731, 1.0, 0.0, 79.0
25, 22, 0.6765029430389404, 1.0, 0.0, 23.0
25, 1, 0.8437600135803223, 1.0, 0.0, 19.0
25, 21, 0.676244854927063, 1.0, 0.0, 20.0
25, 10, 0.4222109913825989, 1.0, 0.0, 98.0
25, 0, 0.6944555640220642, 1.0, 0.0, 31.0
25, 14, 0.6585919857025146, 1.0, 0.0, 44.0
25, 11, 0.5778215527534485, 1.0, 0.0, 16.0
25, 7, 0.5031285881996155, 1.0, 0.0, 15.0
25, 2, 0.5819678902626038, 1.0, 0.0, 30.0
25, 5, 0.6527996063232422, 1.0, 0.0, 65.0
25, 9, 0.33010032773017883, 1.0, 0.0, 24.0
25, 15, 0.5110058188438416, 1.0, 0.0, 39.0
25, 4, 0.33508655428886414, 1.0, 0.0, 47.0
25, 8, 0.6783339381217957, 1.0, 0.0, 10.0
25, 3, 0.41697877645492554, 1.0, 0.0, 85.0
25, 6, 0.3936031460762024, 1.0, 0.0, 82.0
25, 20, 0.6127511262893677, 1.0, 0.0, 40.0
25, 12, 0.44252198934555054, 1.0, 0.0, 76.0
25, 18, 0.24732452630996704, 1.0, 0.0, 23.0
25, 16, 0.467680960893631, 1.0, 0.0, 77.0
25, 13, 0.31164807081222534, 1.0, 0.0, 42.0
25, 23, 0.42760512232780457, 1.0, 0.0, 24.0
25, 17, 0.42915141582489014, 1.0, 0.0, 48.0
26, 8, 0.368480920791626, 1.0, 0.0, 75.0
26, 18, 0.31375956535339355, 1.0, 0.0, 53.0
26, 10, 0.7196222543716431, 1.0, 0.0, 32.0
26, 14, 0.4215661585330963, 1.0, 0.0, 11.0
26, 19, 0.40531229972839355, 1.0, 0.0, 40.0
26, 11, 0.3074397146701813, 1.0, 0.0, 39.0
26, 1, 0.508341372013092, 1.0, 0.0, 80.0
26, 21, 0.36177048087120056, 1.0, 0.0, 71.0
26, 23, 0.7226742506027222, 1.0, 0.0, 97.0
26, 3, 0.4212591350078583, 1.0, 0.0, 11.0
26, 5, 0.39926740527153015, 1.0, 0.0, 82.0
26, 2, 0.4563983678817749, 1.0, 0.0, 90.0
26, 16, 0.32319048047065735, 1.0, 0.0, 46.0
26, 4, 0.7982212901115417, 1.0, 0.0, 28.0
26, 7, 0.4324880540370941, 1.0, 0.0, 50.0
26, 12, 0.5560117363929749, 1.0, 0.0, 75.0
26, 13, 0.7128695249557495, 1.0, 0.0, 25.0
26, 22, 0.4895527958869934, 1.0, 0.0, 27.0
26, 6, 0.366269588470459, 1.0, 0.0, 29.0
26, 9, 0.17157191038131714, 1.0, 0.0, 11.0
26, 0, 0.38024553656578064, 1.0, 0.0, 21.0
26, 15, 0.6036380529403687, 1.0, 0.0, 96.0
26, 17, 0.32988378405570984, 1.0, 0.0, 83.0
26, 20, 0.5422499179840088, 1.0, 0.0, 31.0
27, 14, 0.5023130774497986, 1.0, 0.0, 47.0
27, 10, 0.4014672338962555, 1.0, 0.0, 62.0
27, 16, 0.4770435690879822, 1.0, 0.0, 99.0
27, 22, 0.6462609767913818, 1.0, 0.0, 45.0
27, 7, 0.6401284337043762, 1.0, 0.0, 18.0
27, 6, 0.6079471111297607, 1.0, 0.0, 22.0
27, 5, 0.6804465651512146, 1.0, 0.0, 98.0
27, 18, 0.1840861737728119, 1.0, 0.0, 43.0
27, 8, 0.6967098116874695, 1.0, 0.0, 90.0
27, 19, 0.5348563194274902, 1.0, 0.0, 57.0
27, 3, 0.586320698261261, 1.0, 0.0, 51.0
27, 21, 0.6864179968833923, 1.0, 0.0, 38.0
27, 12, 0.47888562083244324, 1.0, 0.0, 87.0
27, 23, 0.41701793670654297, 1.0, 0.0, 26.0
27, 0, 0.8562144041061401, 1.0, 0.0, 81.0
27, 20, 0.5988975167274475, 1.0, 0.0, 100.0
27, 15, 0.4779883921146393, 1.0, 0.0, 68.0
27, 11, 0.6280139088630676, 1.0, 0.0, 31.0
27, 17, 0.4222257733345032, 1.0, 0.0, 61.0
27, 4, 0.37123456597328186, 1.0, 0.0, 15.0
27, 13, 0.38042131066322327, 1.0, 0.0, 72.0
27, 2, 0.6578211188316345, 1.0, 0.0, 81.0
27, 1, 0.619586169719696, 1.0, 0.0, 57.0
27, 9, 0.35769230127334595, 1.0, 0.0, 18.0
28, 1, 0.6505454182624817, 1.0, 0.0, 46.0
28, 9, 0.5501672029495239, 1.0, 0.0, 86.0
28, 21, 0.7098875641822815, 1.0, 0.0, 58.0
28, 16, 0.706067681312561, 1.0, 0.0, 60.0
28, 17, 0.5044578909873962, 1.0, 0.0, 61.0
28, 22, 0.703262448310852, 1.0, 0.0, 37.0
28, 3, 0.5106117129325867, 1.0, 0.0, 85.0
28, 18, 0.3974982500076294, 1.0, 0.0, 94.0
28, 0, 0.8551713228225708, 1.0, 0.0, 47.0
28, 15, 0.5132986903190613, 1.0, 0.0, 17.0
28, 5, 0.7698412537574768, 1.0, 0.0, 36.0
28, 11, 0.7042874693870544, 1.0, 0.0, 14.0
28, 6, 0.6302219033241272, 1.0, 0.0, 23.0
28, 14, 0.6320968866348267, 1.0, 0.0, 74.0
28, 7, 0.6740490794181824, 1.0, 0.0, 86.0
28, 12, 0.4958944320678711, 1.0, 0.0, 44.0
28, 19, 0.5698485970497131, 1.0, 0.0, 64.0
28, 2, 0.7081767916679382, 1.0, 0.0, 14.0
28, 10, 0.40661102533340454, 1.0, 0.0, 16.0
28, 20, 0.6922463178634644, 1.0, 0.0, 26.0
28, 4, 0.376589834690094, 1.0, 0.0, 75.0
28, 13, 0.41308197379112244, 1.0, 0.0, 90.0
28, 23, 0.47916871309280396, 1.0, 0.0, 38.0
28, 8, 0.7242737412452698, 1.0, 0.0, 72.0
29, 18, 0.3655316233634949, 1.0, 0.0, 30.0
29, 11, 0.6100947260856628, 1.0, 0.0, 69.0
29, 4, 0.31739506125450134, 1.0, 0.0, 57.0
29, 2, 0.6151386499404907, 1.0, 0.0, 78.0
29, 21, 0.6789219975471497, 1.0, 0.0, 46.0
29, 3, 0.46896734833717346, 1.0, 0.0, 52.0
29, 23, 0.4563278257846832, 1.0, 0.0, 21.0
29, 20, 0.6129687428474426, 1.0, 0.0, 72.0
29, 14, 0.6516948342323303, 1.0, 0.0, 48.0
29, 0, 0.7122682929039001, 1.0, 0.0, 38.0
29, 13, 0.34006017446517944, 1.0, 0.0, 86.0
29, 8, 0.670195996761322, 1.0, 0.0, 53.0
29, 1, 0.8431985974311829, 1.0, 0.0, 86.0
29, 19, 0.5288732051849365, 1.0, 0.0, 96.0
29, 9, 0.5061873197555542, 1.0, 0.0, 79.0
29, 12, 0.44496577978134155, 1.0, 0.0, 33.0
29, 17, 0.4038369655609131, 1.0, 0.0, 34.0
29, 7, 0.4791700839996338, 1.0, 0.0, 30.0
29, 5, 0.6507936716079712, 1.0, 0.0, 79.0
29, 6, 0.4437010586261749, 1.0, 0.0, 31.0
29, 22, 0.6505681872367859, 1.0, 0.0, 87.0
29, 15, 0.49625498056411743, 1.0, 0.0, 66.0
29, 10, 0.4140315353870392, 1.0, 0.0, 87.0
29, 16, 0.6758192181587219, 1.0, 0.0, 61.0
30, 11, 0.6300778388977051, 1.0, 0.0, 20.0
30, 15, 0.4965606927871704, 1.0, 0.0, 70.0
30, 12, 0.4917888641357422, 1.0, 0.0, 38.0
30, 0, 0.8662440776824951, 1.0, 0.0, 39.0
30, 6, 0.46573108434677124, 1.0, 0.0, 34.0
30, 13, 0.3983891010284424, 1.0, 0.0, 61.0
30, 18, 0.4096594750881195, 1.0, 0.0, 93.0
30, 5, 0.7094017267227173, 1.0, 0.0, 44.0
30, 8, 0.7196359634399414, 1.0, 0.0, 74.0
30, 19, 0.5856223106384277, 1.0, 0.0, 35.0
30, 20, 0.5814172625541687, 1.0, 0.0, 84.0
30, 4, 0.3716171085834503, 1.0, 0.0, 65.0
30, 17, 0.503582239151001, 1.0, 0.0, 86.0
30, 16, 0.5041411519050598, 1.0, 0.0, 26.0
30, 14, 0.4688367545604706, 1.0, 0.0, 90.0
30, 22, 0.7008797526359558, 1.0, 0.0, 37.0
30, 23, 0.4604450464248657, 1.0, 0.0, 41.0
30, 1, 0.5899101495742798, 1.0, 0.0, 94.0
30, 9, 0.3936454951763153, 1.0, 0.0, 19.0
30, 21, 0.6461716890335083, 1.0, 0.0, 84.0
30, 7, 0.5491519570350647, 1.0, 0.0, 49.0
30, 3, 0.4642411172389984, 1.0, 0.0, 78.0
30, 10, 0.39396238327026367, 1.0, 0.0, 84.0
30, 2, 0.6821197271347046, 1.0, 0.0, 93.0
31, 17, 0.32478904724121094, 1.0, 0.0, 10.0
31, 21, 0.5198107957839966, 1.0, 0.0, 47.0
31, 0, 0.7106635570526123, 1.0, 0.0, 86.0
31, 7, 0.47283056378364563, 1.0, 0.0, 80.0
31, 18, 0.11501042544841766, 1.0, 0.0, 21.0
31, 14, 0.5993775725364685, 1.0, 0.0, 10.0
31, 9, 0.3625417947769165, 1.0, 0.0, 79.0
31, 20, 0.5013418197631836, 1.0, 0.0, 41.0
31, 4, 0.3170125186443329, 1.0, 0.0, 15.0
31, 12, 0.41779080033302307, 1.0, 0.0, 65.0
31, 15, 0.46300825476646423, 1.0, 0.0, 82.0
31, 1, 0.8543471097946167, 1.0, 0.0, 60.0
31, 23, 0.2620331346988678, 1.0, 0.0, 23.0
31, 19, 0.40685340762138367, 1.0, 0.0, 87.0
31, 13, 0.3625420331954956, 1.0, 0.0, 95.0
31, 6, 0.4468015730381012, 1.0, 0.0, 37.0
31, 16, 0.5766114592552185, 1.0, 0.0, 89.0
31, 11, 0.5209681987762451, 1.0, 0.0, 85.0
31, 3, 0.45077580213546753, 1.0, 0.0, 17.0
31, 22, 0.6589992642402649, 1.0, 0.0, 56.0
31, 2, 0.6458316445350647, 1.0, 0.0, 90.0
31, 5, 0.5825048089027405, 1.0, 0.0, 35.0
31, 10, 0.3862045705318451, 1.0, 0.0, 26.0
31, 8, 0.6415820717811584, 1.0, 0.0, 29.0
32, 7, 0.6868104934692383, 1.0, 0.0, 32.0
32, 8, 0.7256737947463989, 1.0, 0.0, 69.0
32, 21, 0.7082812786102295, 1.0, 0.0, 81.0
32, 18, 0.23537178337574005, 1.0, 0.0, 25.0
32, 4, 0.3599502742290497, 1.0, 0.0, 28.0
32, 19, 0.5749251842498779, 1.0, 0.0, 44.0
32, 13, 0.34581342339515686, 1.0, 0.0, 73.0
32, 12, 0.46588465571403503, 1.0, 0.0, 45.0
32, 23, 0.4278011918067932, 1.0, 0.0, 95.0
32, 20, 0.581779956817627, 1.0, 0.0, 59.0
32, 2, 0.7051394581794739, 1.0, 0.0, 22.0
32, 6, 0.6378916501998901, 1.0, 0.0, 32.0
32, 14, 0.4571452736854553, 1.0, 0.0, 56.0
32, 5, 0.696319580078125, 1.0, 0.0, 99.0
32, 11, 0.6623510718345642, 1.0, 0.0, 90.0
32, 9, 0.39657190442085266, 1.0, 0.0, 95.0
32, 0, 0.8737863898277283, 1.0, 0.0, 98.0
32, 16, 0.49072739481925964, 1.0, 0.0, 60.0
32, 15, 0.4998471438884735, 1.0, 0.0, 40.0
32, 17, 0.5139309167861938, 1.0, 0.0, 84.0
32, 10, 0.3975883424282074, 1.0, 0.0, 61.0
32, 1, 0.5894289612770081, 1.0, 0.0, 94.0
32, 22, 0.7046371102333069, 1.0, 0.0, 16.0
32, 3, 0.511681854724884, 1.0, 0.0, 94.0
33, 17, 0.5679032206535339, 1.0, 0.0, 81.0
33, 2, 0.6268084049224854, 1.0, 0.0, 70.0
33, 6, 0.5950554609298706, 1.0, 0.0, 35.0
33, 1, 0.6436477303504944, 1.0, 0.0, 85.0
33, 14, 0.5389015078544617, 1.0, 0.0, 55.0
33, 8, 0.7433496713638306, 1.0, 0.0, 47.0
33, 21, 0.6663394570350647, 1.0, 0.0, 93.0
33, 20, 0.6709944009780884, 1.0, 0.0, 56.0
33, 9, 0.6014214158058167, 1.0, 0.0, 80.0
33, 3, 0.7856251001358032, 1.0, 0.0, 52.0
33, 11, 0.719298243522644, 1.0, 0.0, 64.0
33, 12, 0.47390028834342957, 1.0, 0.0, 46.0
33, 13, 0.37440255284309387, 1.0, 0.0, 49.0
33, 10, 0.42288556694984436, 1.0, 0.0, 93.0
33, 22, 0.6392045617103577, 1.0, 0.0, 99.0
33, 4, 0.32303720712661743, 1.0, 0.0, 66.0
33, 15, 0.45146745443344116, 1.0, 0.0, 92.0
33, 16, 0.7274937033653259, 1.0, 0.0, 69.0
33, 18, 0.46428075432777405, 1.0, 0.0, 35.0
33, 23, 0.4515243470668793, 1.0, 0.0, 34.0
33, 5, 0.7571079730987549, 1.0, 0.0, 66.0
33, 19, 0.653431236743927, 1.0, 0.0, 16.0
33, 0, 0.7584048509597778, 1.0, 0.0, 21.0
33, 7, 0.6497612595558167, 1.0, 0.0, 73.0
34, 0, 0.859825074672699, 1.0, 0.0, 91.0
34, 23, 0.3963336944580078, 1.0, 0.0, 59.0
34, 17, 0.38847318291664124, 1.0, 0.0, 41.0
34, 21, 0.7147956490516663, 1.0, 0.0, 86.0
34, 19, 0.5951409935951233, 1.0, 0.0, 55.0
34, 16, 0.36757293343544006, 1.0, 0.0, 36.0
34, 4, 0.3796499967575073, 1.0, 0.0, 71.0
34, 15, 0.5045093297958374, 1.0, 0.0, 33.0
34, 11, 0.5301622748374939, 1.0, 0.0, 10.0
34, 22, 0.7147177457809448, 1.0, 0.0, 14.0
34, 8, 0.7023976445198059, 1.0, 0.0, 55.0
34, 18, 0.13558027148246765, 1.0, 0.0, 94.0
34, 2, 0.7140915989875793, 1.0, 0.0, 51.0
34, 12, 0.4785923659801483, 1.0, 0.0, 96.0
34, 10, 0.4012985825538635, 1.0, 0.0, 69.0
34, 3, 0.4812734127044678, 1.0, 0.0, 25.0
34, 13, 0.40449637174606323, 1.0, 0.0, 96.0
34, 1, 0.5905517935752869, 1.0, 0.0, 76.0
34, 9, 0.35150501132011414, 1.0, 0.0, 38.0
34, 5, 0.6592534184455872, 1.0, 0.0, 97.0
34, 6, 0.587630569934845, 1.0, 0.0, 38.0
34, 20, 0.3678102493286133, 1.0, 0.0, 32.0
34, 7, 0.5190185904502869, 1.0, 0.0, 52.0
34, 14, 0.4457061290740967, 1.0, 0.0, 18.0
35, 5, 0.5761381387710571, 1.0, 0.0, 40.0
35, 3, 0.46807563304901123, 1.0, 0.0, 15.0
35, 4, 0.3211246132850647, 1.0, 0.0, 60.0
35, 20, 0.5113512873649597, 1.0, 0.0, 18.0
35, 16, 0.5497839450836182, 1.0, 0.0, 13.0
35, 15, 0.5094007849693298, 1.0, 0.0, 41.0
35, 12, 0.41339197754859924, 1.0, 0.0, 99.0
35, 8, 0.6452572345733643, 1.0, 0.0, 21.0
35, 14, 0.6051812767982483, 1.0, 0.0, 94.0
35, 19, 0.47901368141174316, 1.0, 0.0, 84.0
35, 18, 0.11410702019929886, 1.0, 0.0, 45.0
35, 7, 0.4909435212612152, 1.0, 0.0, 79.0
35, 11, 0.4974200129508972, 1.0, 0.0, 94.0
35, 6, 0.4667917788028717, 1.0, 0.0, 60.0
35, 23, 0.3542789816856384, 1.0, 0.0, 65.0
35, 1, 0.8579563498497009, 1.0, 0.0, 68.0
35, 9, 0.36747491359710693, 1.0, 0.0, 11.0
35, 10, 0.40720129013061523, 1.0, 0.0, 36.0
35, 2, 0.6281672120094299, 1.0, 0.0, 60.0
35, 17, 0.32455024123191833, 1.0, 0.0, 86.0
35, 0, 0.6995105743408203, 1.0, 0.0, 48.0
35, 13, 0.38148343563079834, 1.0, 0.0, 41.0
35, 21, 0.5524718761444092, 1.0, 0.0, 30.0
35, 22, 0.6574413776397705, 1.0, 0.0, 46.0
36, 5, 0.6561137437820435, 1.0, 0.0, 22.0
36, 0, 0.712749719619751, 1.0, 0.0, 42.0
36, 3, 0.47155341506004333, 1.0, 0.0, 80.0
36, 11, 0.6585045456886292, 1.0, 0.0, 34.0
36, 10, 0.3970823884010315, 1.0, 0.0, 69.0
36, 9, 0.547909677028656, 1.0, 0.0, 97.0
36, 14, 0.6700311303138733, 1.0, 0.0, 20.0
36, 15, 0.5272088050842285, 1.0, 0.0, 75.0
36, 2, 0.6840380430221558, 1.0, 0.0, 37.0
36, 22, 0.6839259266853333, 1.0, 0.0, 38.0
36, 18, 0.3674079179763794, 1.0, 0.0, 97.0
36, 16, 0.6768094897270203, 1.0, 0.0, 24.0
36, 23, 0.42907556891441345, 1.0, 0.0, 85.0
36, 12, 0.4182795584201813, 1.0, 0.0, 86.0
36, 8, 0.6904970407485962, 1.0, 0.0, 38.0
36, 6, 0.537369430065155, 1.0, 0.0, 86.0
36, 1, 0.866297721862793, 1.0, 0.0, 76.0
36, 19, 0.5739279985427856, 1.0, 0.0, 74.0
36, 21, 0.7209530472755432, 1.0, 0.0, 66.0
36, 13, 0.37829703092575073, 1.0, 0.0, 78.0
36, 17, 0.41904154419898987, 1.0, 0.0, 46.0
36, 20, 0.6213099360466003, 1.0, 0.0, 99.0
36, 7, 0.5179482698440552, 1.0, 0.0, 35.0
36, 4, 0.3194988965988159, 1.0, 0.0, 38.0
37, 1, 0.6059512495994568, 1.0, 0.0, 62.0
37, 10, 0.3697613775730133, 1.0, 0.0, 57.0
37, 13, 0.38644006848335266, 1.0, 0.0, 45.0
37, 23, 0.3565336763858795, 1.0, 0.0, 92.0
37, 16, 0.502970814704895, 1.0, 0.0, 54.0
37, 3, 0.3937934637069702, 1.0, 0.0, 69.0
37, 18, 0.18644891679286957, 1.0, 0.0, 22.0
37, 11, 0.4422553777694702, 1.0, 0.0, 49.0
37, 8, 0.5595029592514038, 1.0, 0.0, 74.0
37, 19, 0.48535943031311035, 1.0, 0.0, 31.0
37, 22, 0.7138013243675232, 1.0, 0.0, 18.0
37, 4, 0.37582480907440186, 1.0, 0.0, 70.0
37, 20, 0.3356785476207733, 1.0, 0.0, 54.0
37, 2, 0.8357445597648621, 1.0, 0.0, 73.0
37, 7, 0.7363741397857666, 1.0, 0.0, 15.0
37, 17, 0.46139150857925415, 1.0, 0.0, 89.0
37, 6, 0.6031331419944763, 1.0, 0.0, 28.0
37, 9, 0.3964883089065552, 1.0, 0.0, 26.0
37, 12, 0.4486803412437439, 1.0, 0.0, 94.0
37, 14, 0.40684667229652405, 1.0, 0.0, 89.0
37, 5, 0.571341335773468, 1.0, 0.0, 18.0
37, 0, 0.7434004545211792, 1.0, 0.0, 27.0
37, 21, 0.6256469488143921, 1.0, 0.0, 16.0
37, 15, 0.5030571818351746, 1.0, 0.0, 29.0
38, 8, 0.7100980281829834, 1.0, 0.0, 96.0
38, 18, 0.40750521421432495, 1.0, 0.0, 85.0
38, 5, 0.6917843818664551, 1.0, 0.0, 90.0
38, 3, 0.46691635251045227, 1.0, 0.0, 61.0
38, 0, 0.7239027619361877, 1.0, 0.0, 18.0
38, 13, 0.34599044919013977, 1.0, 0.0, 31.0
38, 16, 0.5054915547370911, 1.0, 0.0, 95.0
38, 11, 0.6544703841209412, 1.0, 0.0, 20.0
38, 17, 0.416255384683609, 1.0, 0.0, 45.0
38, 7, 0.508809506893158, 1.0, 0.0, 95.0
38, 22, 0.6862170100212097, 1.0, 0.0, 13.0
38, 9, 0.41680601239204407, 1.0, 0.0, 22.0
38, 20, 0.6391528248786926, 1.0, 0.0, 13.0
38, 6, 0.4113903343677521, 1.0, 0.0, 30.0
38, 12, 0.45650050044059753, 1.0, 0.0, 77.0
38, 1, 0.8476098775863647, 1.0, 0.0, 37.0
38, 15, 0.5582390427589417, 1.0, 0.0, 20.0
38, 23, 0.4800509810447693, 1.0, 0.0, 11.0
38, 10, 0.41091153025627136, 1.0, 0.0, 89.0
38, 14, 0.7085541486740112, 1.0, 0.0, 71.0
38, 19, 0.5723869204521179, 1.0, 0.0, 22.0
38, 21, 0.7248795032501221, 1.0, 0.0, 75.0
38, 4, 0.3308788239955902, 1.0, 0.0, 30.0
38, 2, 0.6658141016960144, 1.0, 0.0, 48.0
39, 18, 0.12202918529510498, 1.0, 0.0, 33.0
39, 1, 0.8716714978218079, 1.0, 0.0, 45.0
39, 19, 0.5174508094787598, 1.0, 0.0, 56.0
39, 5, 0.6145997047424316, 1.0, 0.0, 89.0
39, 15, 0.4890706241130829, 1.0, 0.0, 56.0
39, 17, 0.3706416189670563, 1.0, 0.0, 76.0
39, 21, 0.5788863301277161, 1.0, 0.0, 89.0
39, 7, 0.5097974538803101, 1.0, 0.0, 71.0
39, 6, 0.5538511872291565, 1.0, 0.0, 26.0
39, 13, 0.31757834553718567, 1.0, 0.0, 91.0
39, 16, 0.6601548194885254, 1.0, 0.0, 57.0
39, 0, 0.6711866855621338, 1.0, 0.0, 12.0
39, 8, 0.667483389377594, 1.0, 0.0, 88.0
39, 12, 0.41945257782936096, 1.0, 0.0, 93.0
39, 22, 0.6853922009468079, 1.0, 0.0, 90.0
39, 2, 0.6764447093009949, 1.0, 0.0, 99.0
39, 9, 0.37215718626976013, 1.0, 0.0, 53.0
39, 3, 0.47601214051246643, 1.0, 0.0, 86.0
39, 4, 0.3314526081085205, 1.0, 0.0, 73.0
39, 23, 0.3051661550998688, 1.0, 0.0, 61.0
39, 11, 0.6081246137619019, 1.0, 0.0, 30.0
39, 10, 0.4077915549278259, 1.0, 0.0, 71.0
39, 14, 0.646900475025177, 1.0, 0.0, 24.0
39, 20, 0.560528039932251, 1.0, 0.0, 37.0
40, 13, 0.4019295573234558, 1.0, 0.0, 43.0
40, 16, 0.6164025664329529, 1.0, 0.0, 94.0
40, 21, 0.6782973408699036, 1.0, 0.0, 61.0
40, 23, 0.41005784273147583, 1.0, 0.0, 95.0
40, 10, 0.3883126676082611, 1.0, 0.0, 64.0
40, 12, 0.4602150619029999, 1.0, 0.0, 69.0
40, 7, 0.6251440644264221, 1.0, 0.0, 23.0
40, 0, 0.8560539484024048, 1.0, 0.0, 72.0
40, 2, 0.6744464635848999, 1.0, 0.0, 92.0
40, 22, 0.6459860801696777, 1.0, 0.0, 56.0
40, 15, 0.4834148585796356, 1.0, 0.0, 85.0
40, 1, 0.6133301258087158, 1.0, 0.0, 58.0
40, 14, 0.4349398612976074, 1.0, 0.0, 63.0
40, 8, 0.6971473693847656, 1.0, 0.0, 63.0
40, 6, 0.6084367036819458, 1.0, 0.0, 58.0
40, 3, 0.5065097212791443, 1.0, 0.0, 32.0
40, 4, 0.3629148006439209, 1.0, 0.0, 87.0
40, 11, 0.6025893688201904, 1.0, 0.0, 27.0
40, 18, 0.12592077255249023, 1.0, 0.0, 79.0
40, 20, 0.5254225134849548, 1.0, 0.0, 75.0
40, 9, 0.41329431533813477, 1.0, 0.0, 97.0
40, 19, 0.5382105112075806, 1.0, 0.0, 88.0
40, 17, 0.4052698612213135, 1.0, 0.0, 84.0
40, 5, 0.7169021368026733, 1.0, 0.0, 76.0
41, 13, 0.4143211245536804, 1.0, 0.0, 11.0
41, 20, 0.5217233896255493, 1.0, 0.0, 94.0
41, 1, 0.6022617816925049, 1.0, 0.0, 89.0
41, 14, 0.4654722809791565, 1.0, 0.0, 19.0
41, 7, 0.6595587134361267, 1.0, 0.0, 10.0
41, 21, 0.7185436487197876, 1.0, 0.0, 21.0
41, 18, 0.21904100477695465, 1.0, 0.0, 28.0
41, 8, 0.7255862951278687, 1.0, 0.0, 60.0
41, 6, 0.6352806687355042, 1.0, 0.0, 41.0
41, 10, 0.4162239730358124, 1.0, 0.0, 11.0
41, 16, 0.7025567293167114, 1.0, 0.0, 83.0
41, 11, 0.6674172282218933, 1.0, 0.0, 38.0
41, 22, 0.7096773982048035, 1.0, 0.0, 16.0
41, 4, 0.3726690113544464, 1.0, 0.0, 75.0
41, 15, 0.5081779360771179, 1.0, 0.0, 60.0
41, 9, 0.37316054105758667, 1.0, 0.0, 13.0
41, 3, 0.5227394104003906, 1.0, 0.0, 11.0
41, 5, 0.7290249466896057, 1.0, 0.0, 53.0
41, 12, 0.48709678649902344, 1.0, 0.0, 41.0
41, 23, 0.44838741421699524, 1.0, 0.0, 44.0
41, 19, 0.5790953040122986, 1.0, 0.0, 38.0
41, 2, 0.7156901955604553, 1.0, 0.0, 44.0
41, 17, 0.4780289828777313, 1.0, 0.0, 34.0
41, 0, 0.8664045333862305, 1.0, 0.0, 15.0
42, 21, 0.709709107875824, 1.0, 0.0, 30.0
42, 5, 0.7004186511039734, 1.0, 0.0, 37.0
42, 12, 0.4597263038158417, 1.0, 0.0, 64.0
42, 1, 0.5798845291137695, 1.0, 0.0, 17.0
42, 10, 0.3948056399822235, 1.0, 0.0, 34.0
42, 20, 0.5543628334999084, 1.0, 0.0, 87.0
42, 18, 0.18540653586387634, 1.0, 0.0, 52.0
42, 23, 0.42750710248947144, 1.0, 0.0, 26.0
42, 17, 0.46362045407295227, 1.0, 0.0, 98.0
42, 19, 0.5595141053199768, 1.0, 0.0, 34.0
42, 13, 0.37369444966316223, 1.0, 0.0, 59.0
42, 11, 0.6572849154472351, 1.0, 0.0, 85.0
42, 4, 0.3669312298297882, 1.0, 0.0, 44.0
42, 7, 0.6668862104415894, 1.0, 0.0, 73.0
42, 8, 0.715785801410675, 1.0, 0.0, 96.0
42, 22, 0.6951063275337219, 1.0, 0.0, 68.0
42, 0, 0.880927562713623, 1.0, 0.0, 48.0
42, 6, 0.6354438662528992, 1.0, 0.0, 41.0
42, 9, 0.3933946490287781, 1.0, 0.0, 91.0
42, 14, 0.44276222586631775, 1.0, 0.0, 24.0
42, 3, 0.4871588945388794, 1.0, 0.0, 62.0
42, 15, 0.492051362991333, 1.0, 0.0, 51.0
42, 2, 0.7037806510925293, 1.0, 0.0, 74.0
42, 16, 0.509272575378418, 1.0, 0.0, 44.0
43, 10, 0.3310565948486328, 1.0, 0.0, 78.0
43, 19, 0.4104795455932617, 1.0, 0.0, 24.0
43, 4, 0.3474227786064148, 1.0, 0.0, 56.0
43, 5, 0.48770278692245483, 1.0, 0.0, 59.0
43, 22, 0.6909824013710022, 1.0, 0.0, 40.0
43, 6, 0.6093342304229736, 1.0, 0.0, 86.0
43, 13, 0.291733056306839, 1.0, 0.0, 96.0
43, 14, 0.3482210338115692, 1.0, 0.0, 47.0
43, 15, 0.4892234802246094, 1.0, 0.0, 51.0
43, 3, 0.4975031316280365, 1.0, 0.0, 79.0
43, 0, 0.7269517779350281, 1.0, 0.0, 54.0
43, 8, 0.550665020942688, 1.0, 0.0, 34.0
43, 12, 0.4182795584201813, 1.0, 0.0, 88.0
43, 2, 0.8601230978965759, 1.0, 0.0, 87.0
43, 9, 0.3127090334892273, 1.0, 0.0, 10.0
43, 1, 0.509063184261322, 1.0, 0.0, 38.0
43, 11, 0.4153297543525696, 1.0, 0.0, 46.0
43, 17, 0.4193599820137024, 1.0, 0.0, 86.0
43, 16, 0.4644400477409363, 1.0, 0.0, 42.0
43, 7, 0.741149365901947, 1.0, 0.0, 62.0
43, 18, 0.19986101984977722, 1.0, 0.0, 30.0
43, 21, 0.554435133934021, 1.0, 0.0, 42.0
43, 23, 0.295363187789917, 1.0, 0.0, 41.0
43, 20, 0.2616232633590698, 1.0, 0.0, 78.0
44, 8, 0.7035351991653442, 1.0, 0.0, 12.0
44, 5, 0.7455084323883057, 1.0, 0.0, 17.0
44, 12, 0.4537634551525116, 1.0, 0.0, 79.0
44, 14, 0.42964085936546326, 1.0, 0.0, 53.0
44, 3, 0.4896557927131653, 1.0, 0.0, 44.0
44, 9, 0.5145484805107117, 1.0, 0.0, 79.0
44, 16, 0.6146920919418335, 1.0, 0.0, 54.0
44, 22, 0.6566165685653687, 1.0, 0.0, 22.0
44, 4, 0.3650186359882355, 1.0, 0.0, 70.0
44, 23, 0.4455445408821106, 1.0, 0.0, 53.0
44, 20, 0.6279828548431396, 1.0, 0.0, 55.0
44, 6, 0.6147193312644958, 1.0, 0.0, 66.0
44, 19, 0.5397515892982483, 1.0, 0.0, 22.0
44, 10, 0.39725103974342346, 1.0, 0.0, 62.0
44, 7, 0.6363411545753479, 1.0, 0.0, 35.0
44, 17, 0.4268428683280945, 1.0, 0.0, 39.0
44, 18, 0.32640722393989563, 1.0, 0.0, 60.0
44, 0, 0.8700152635574341, 1.0, 0.0, 54.0
44, 15, 0.47997555136680603, 1.0, 0.0, 35.0
44, 11, 0.6671357750892639, 1.0, 0.0, 60.0
44, 13, 0.3975924849510193, 1.0, 0.0, 84.0
44, 21, 0.7058718800544739, 1.0, 0.0, 20.0
44, 2, 0.6657341718673706, 1.0, 0.0, 81.0
44, 1, 0.6170997619628906, 1.0, 0.0, 53.0
45, 8, 0.6769338250160217, 1.0, 0.0, 87.0
45, 7, 0.7395850419998169, 1.0, 0.0, 14.0
45, 18, 0.19173036515712738, 1.0, 0.0, 69.0
45, 2, 0.8604428172111511, 1.0, 0.0, 22.0
45, 0, 0.7466902136802673, 1.0, 0.0, 80.0
45, 16, 0.5036010146141052, 1.0, 0.0, 63.0
45, 14, 0.4212297201156616, 1.0, 0.0, 67.0
45, 4, 0.36205413937568665, 1.0, 0.0, 81.0
45, 23, 0.3859425485134125, 1.0, 0.0, 22.0
45, 12, 0.4279569983482361, 1.0, 0.0, 36.0
45, 9, 0.34331104159355164, 1.0, 0.0, 85.0
45, 6, 0.6477643847465515, 1.0, 0.0, 71.0
45, 3, 0.4290173053741455, 1.0, 0.0, 15.0
45, 22, 0.717650294303894, 1.0, 0.0, 80.0
45, 1, 0.5724254250526428, 1.0, 0.0, 68.0
45, 13, 0.33722782135009766, 1.0, 0.0, 22.0
45, 15, 0.5278966426849365, 1.0, 0.0, 36.0
45, 17, 0.539165735244751, 1.0, 0.0, 16.0
45, 5, 0.6757369637489319, 1.0, 0.0, 17.0
45, 11, 0.5145885944366455, 1.0, 0.0, 77.0
45, 10, 0.3938780725002289, 1.0, 0.0, 73.0
45, 20, 0.42068615555763245, 1.0, 0.0, 24.0
45, 19, 0.589883029460907, 1.0, 0.0, 73.0
45, 21, 0.7106014490127563, 1.0, 0.0, 81.0
46, 9, 0.4298495054244995, 1.0, 0.0, 99.0
46, 0, 0.706731915473938, 1.0, 0.0, 72.0
46, 15, 0.5271323919296265, 1.0, 0.0, 44.0
46, 8, 0.48731186985969543, 1.0, 0.0, 69.0
46, 17, 0.2948575019836426, 1.0, 0.0, 86.0
46, 14, 0.2913617491722107, 1.0, 0.0, 97.0
46, 12, 0.4152492582798004, 1.0, 0.0, 51.0
46, 23, 0.2935986816883087, 1.0, 0.0, 50.0
46, 22, 0.6884164214134216, 1.0, 0.0, 51.0
46, 2, 0.8806650042533875, 1.0, 0.0, 90.0
46, 19, 0.5983138680458069, 1.0, 0.0, 26.0
46, 21, 0.622077465057373, 1.0, 0.0, 39.0
46, 7, 0.7445249557495117, 1.0, 0.0, 32.0
46, 16, 0.44823551177978516, 1.0, 0.0, 88.0
46, 5, 0.44113031029701233, 1.0, 0.0, 42.0
46, 11, 0.40604183077812195, 1.0, 0.0, 55.0
46, 20, 0.2584318518638611, 1.0, 0.0, 94.0
46, 4, 0.3413024842739105, 1.0, 0.0, 88.0
46, 1, 0.41410011053085327, 1.0, 0.0, 85.0
46, 6, 0.5288838148117065, 1.0, 0.0, 18.0
46, 13, 0.3419189155101776, 1.0, 0.0, 71.0
46, 18, 0.19603891670703888, 1.0, 0.0, 79.0
46, 10, 0.23728813230991364, 1.0, 0.0, 98.0
46, 3, 0.3055109679698944, 1.0, 0.0, 34.0
47, 11, 0.6878694295883179, 1.0, 0.0, 99.0
47, 17, 0.469431608915329, 1.0, 0.0, 70.0
47, 22, 0.7028958797454834, 1.0, 0.0, 25.0
47, 20, 0.5999854803085327, 1.0, 0.0, 45.0
47, 13, 0.38829880952835083, 1.0, 0.0, 22.0
47, 8, 0.7308365702629089, 1.0, 0.0, 88.0
47, 3, 0.5078473091125488, 1.0, 0.0, 80.0
47, 12, 0.4763440787792206, 1.0, 0.0, 24.0
47, 14, 0.4715282917022705, 1.0, 0.0, 70.0
47, 0, 0.8778785467147827, 1.0, 0.0, 33.0
47, 4, 0.36654871702194214, 1.0, 0.0, 82.0
47, 6, 0.6373205184936523, 1.0, 0.0, 63.0
47, 2, 0.7264807224273682, 1.0, 0.0, 53.0
47, 21, 0.7214884757995605, 1.0, 0.0, 51.0
47, 1, 0.5846968293190002, 1.0, 0.0, 43.0
47, 18, 0.43835997581481934, 1.0, 0.0, 86.0
47, 16, 0.5067518949508667, 1.0, 0.0, 88.0
47, 7, 0.6854931712150574, 1.0, 0.0, 97.0
47, 15, 0.508560061454773, 1.0, 0.0, 15.0
47, 10, 0.40273210406303406, 1.0, 0.0, 90.0
47, 23, 0.4521125257015228, 1.0, 0.0, 69.0
47, 19, 0.5718429684638977, 1.0, 0.0, 31.0
47, 5, 0.787196934223175, 1.0, 0.0, 93.0
47, 9, 0.5207358002662659, 1.0, 0.0, 30.0
48, 10, 0.38089215755462646, 1.0, 0.0, 26.0
48, 6, 0.4854764938354492, 1.0, 0.0, 44.0
48, 20, 0.5133096575737, 1.0, 0.0, 42.0
48, 9, 0.34958192706108093, 1.0, 0.0, 98.0
48, 23, 0.3425154387950897, 1.0, 0.0, 40.0
48, 17, 0.3239133954048157, 1.0, 0.0, 68.0
48, 21, 0.5937890410423279, 1.0, 0.0, 33.0
48, 11, 0.5111173391342163, 1.0, 0.0, 35.0
48, 15, 0.5444054007530212, 1.0, 0.0, 65.0
48, 14, 0.4673227369785309, 1.0, 0.0, 99.0
48, 7, 0.5142433643341064, 1.0, 0.0, 34.0
48, 19, 0.46768197417259216, 1.0, 0.0, 24.0
48, 12, 0.40762463212013245, 1.0, 0.0, 20.0
48, 3, 0.4532727003097534, 1.0, 0.0, 27.0
48, 1, 0.8666185140609741, 1.0, 0.0, 39.0
48, 18, 0.12960389256477356, 1.0, 0.0, 75.0
48, 5, 0.5943659543991089, 1.0, 0.0, 66.0
48, 2, 0.6901127099990845, 1.0, 0.0, 59.0
48, 0, 0.6825804114341736, 1.0, 0.0, 69.0
48, 13, 0.3209417462348938, 1.0, 0.0, 52.0
48, 22, 0.7010630369186401, 1.0, 0.0, 66.0
48, 16, 0.5461829304695129, 1.0, 0.0, 68.0
48, 4, 0.33977240324020386, 1.0, 0.0, 12.0
48, 8, 0.6624956130981445, 1.0, 0.0, 84.0
49, 1, 0.6443696022033691, 1.0, 0.0, 50.0
49, 17, 0.47341188788414, 1.0, 0.0, 20.0
49, 6, 0.5456919074058533, 1.0, 0.0, 91.0
49, 20, 0.65677809715271, 1.0, 0.0, 90.0
49, 12, 0.47243401408195496, 1.0, 0.0, 94.0
49, 5, 0.7405372262001038, 1.0, 0.0, 92.0
49, 4, 0.3555513024330139, 1.0, 0.0, 23.0
49, 19, 0.57284015417099, 1.0, 0.0, 15.0
49, 18, 0.14433634281158447, 1.0, 0.0, 41.0
49, 3, 0.4654003977775574, 1.0, 0.0, 37.0
49, 22, 0.686400294303894, 1.0, 0.0, 89.0
49, 8, 0.6984599232673645, 1.0, 0.0, 70.0
49, 9, 0.3334448039531708, 1.0, 0.0, 52.0
49, 7, 0.5103737711906433, 1.0, 0.0, 91.0
49, 21, 0.7144386768341064, 1.0, 0.0, 66.0
49, 11, 0.5266910791397095, 1.0, 0.0, 40.0
49, 10, 0.38148242235183716, 1.0, 0.0, 14.0
49, 15, 0.5282023549079895, 1.0, 0.0, 63.0
49, 14, 0.45529481768608093, 1.0, 0.0, 59.0
49, 0, 0.8648800253868103, 1.0, 0.0, 29.0
49, 13, 0.3925473392009735, 1.0, 0.0, 74.0
49, 16, 0.571660041809082, 1.0, 0.0, 23.0
49, 2, 0.7152905464172363, 1.0, 0.0, 100.0
49, 23, 0.43250662088394165, 1.0, 0.0, 51.0
50, 23, 0.4255465269088745, 1.0, 0.0, 81.0
50, 1, 0.8691049218177795, 1.0, 0.0, 99.0
50, 12, 0.4130987226963043, 1.0, 0.0, 31.0
50, 11, 0.6425555944442749, 1.0, 0.0, 91.0
50, 17, 0.3298041820526123, 1.0, 0.0, 83.0
50, 5, 0.649223804473877, 1.0, 0.0, 48.0
50, 7, 0.4848509728908539, 1.0, 0.0, 54.0
50, 6, 0.49355417490005493, 1.0, 0.0, 82.0
50, 10, 0.40973100066185, 1.0, 0.0, 79.0
50, 20, 0.6112279891967773, 1.0, 0.0, 57.0
50, 13, 0.38829880952835083, 1.0, 0.0, 60.0
50, 8, 0.6847217082977295, 1.0, 0.0, 38.0
50, 14, 0.6617882251739502, 1.0, 0.0, 20.0
50, 2, 0.6547837853431702, 1.0, 0.0, 31.0
50, 19, 0.5337684750556946, 1.0, 0.0, 68.0
50, 0, 0.7088983654975891, 1.0, 0.0, 61.0
50, 16, 0.6892330050468445, 1.0, 0.0, 52.0
50, 21, 0.7015884518623352, 1.0, 0.0, 63.0
50, 9, 0.5117056965827942, 1.0, 0.0, 44.0
50, 15, 0.5019871592521667, 1.0, 0.0, 90.0
50, 4, 0.3435019552707672, 1.0, 0.0, 80.0
50, 22, 0.6550586223602295, 1.0, 0.0, 19.0
50, 18, 0.34565669298171997, 1.0, 0.0, 54.0
50, 3, 0.47895488142967224, 1.0, 0.0, 20.0
