1, 3, 0.31433922052383423, 1.0, 0.0, 34.0
1, 9, 0.26463210582733154, 1.0, 0.0, 14.0
1, 13, 0.2566826045513153, 1.0, 0.0, 70.0
1, 11, 0.41354724764823914, 1.0, 0.0, 23.0
1, 16, 0.5309686660766602, 1.0, 0.0, 57.0
1, 5, 0.4872666895389557, 1.0, 0.0, 97.0
1, 12, 0.22140762209892273, 1.0, 0.0, 49.0
1, 23, 0.2252720296382904, 1.0, 0.0, 32.0
1, 14, 0.4057532250881195, 1.0, 0.0, 39.0
1, 19, 0.32345208525657654, 1.0, 0.0, 57.0
1, 10, 0.24049244821071625, 1.0, 0.0, 75.0
1, 2, 0.3702341914176941, 1.0, 0.0, 97.0
1, 6, 0.2346605807542801, 1.0, 0.0, 95.0
1, 22, 0.4722324013710022, 1.0, 0.0, 25.0
1, 8, 0.54795241355896, 1.0, 0.0, 64.0
1, 15, 0.31068480014801025, 1.0, 0.0, 18.0
1, 18, 0.22341904044151306, 1.0, 0.0, 21.0
1, 1, 0.5263875722885132, 1.0, 0.0, 75.0
1, 4, 0.2204265147447586, 1.0, 0.0, 36.0
1, 20, 0.4668891131877899, 1.0, 0.0, 79.0
1, 7, 0.3074263036251068, 1.0, 0.0, 95.0
1, 17, 0.2862601578235626, 1.0, 0.0, 63.0
1, 0, 0.5188959240913391, 1.0, 0.0, 76.0
1, 21, 0.46305549144744873, 1.0, 0.0, 72.0
2, 3, 0.7039415240287781, 1.0, 0.0, 77.0
2, 14, 0.7446379065513611, 1.0, 0.0, 61.0
2, 9, 0.6482441425323486, 1.0, 0.0, 66.0
2, 5, 0.7259724140167236, 1.0, 0.0, 34.0
2, 23, 0.4837760925292969, 1.0, 0.0, 62.0
2, 12, 0.48494625091552734, 1.0, 0.0, 23.0
2, 13, 0.4387502074241638, 1.0, 0.0, 67.0
2, 15, 0.5048914551734924, 1.0, 0.0, 53.0
2, 10, 0.42684879899024963, 1.0, 0.0, 79.0
2, 7, 0.6477029323577881, 1.0, 0.0, 48.0
2, 0, 0.7256679534912109, 1.0, 0.0, 27.0
2, 20, 0.6516283750534058, 1.0, 0.0, 38.0
2, 2, 0.6849972009658813, 1.0, 0.0, 93.0
2, 21, 0.7195252776145935, 1.0, 0.0, 85.0
2, 16, 0.7043572068214417, 1.0, 0.0, 69.0
2, 19, 0.681715190410614, 1.0, 0.0, 86.0
2, 18, 0.43425989151000977, 1.0, 0.0, 40.0
2, 8, 0.7142981886863708, 1.0, 0.0, 59.0
2, 17, 0.4891737103462219, 1.0, 0.0, 38.0
2, 22, 0.6379215717315674, 1.0, 0.0, 11.0
2, 6, 0.638952374458313, 1.0, 0.0, 43.0
2, 1, 0.6636990904808044, 1.0, 0.0, 81.0
2, 4, 0.3526824116706848, 1.0, 0.0, 74.0
2, 11, 0.7132939100265503, 1.0, 0.0, 20.0
3, 3, 0.6814696192741394, 1.0, 0.0, 53.0
3, 23, 0.4736790657043457, 1.0, 0.0, 48.0
3, 5, 0.6942263841629028, 1.0, 0.0, 28.0
3, 14, 0.7330305576324463, 1.0, 0.0, 25.0
3, 18, 0.3974287807941437, 1.0, 0.0, 63.0
3, 22, 0.5971407890319824, 1.0, 0.0, 45.0
3, 8, 0.6835841536521912, 1.0, 0.0, 28.0
3, 16, 0.6861721277236938, 1.0, 0.0, 97.0
3, 9, 0.6250836253166199, 1.0, 0.0, 95.0
3, 17, 0.3535265028476715, 1.0, 0.0, 73.0
3, 10, 0.40728560090065, 1.0, 0.0, 37.0
3, 6, 0.6132506728172302, 1.0, 0.0, 83.0
3, 7, 0.6040672063827515, 1.0, 0.0, 84.0
3, 15, 0.4737083315849304, 1.0, 0.0, 16.0
3, 21, 0.6947171092033386, 1.0, 0.0, 92.0
3, 4, 0.33699914813041687, 1.0, 0.0, 65.0
3, 13, 0.4203398823738098, 1.0, 0.0, 99.0
3, 19, 0.6425527930259705, 1.0, 0.0, 88.0
3, 2, 0.652066171169281, 1.0, 0.0, 60.0
3, 12, 0.48299118876457214, 1.0, 0.0, 48.0
3, 1, 0.6289701461791992, 1.0, 0.0, 18.0
3, 0, 0.7165209054946899, 1.0, 0.0, 94.0
3, 20, 0.6366867423057556, 1.0, 0.0, 55.0
3, 11, 0.6815836429595947, 1.0, 0.0, 39.0
4, 9, 0.6178093552589417, 1.0, 0.0, 48.0
4, 8, 0.657157838344574, 1.0, 0.0, 33.0
4, 18, 0.3863794207572937, 1.0, 0.0, 54.0
4, 7, 0.587600827217102, 1.0, 0.0, 96.0
4, 11, 0.6662914156913757, 1.0, 0.0, 43.0
4, 17, 0.34174495935440063, 1.0, 0.0, 98.0
4, 23, 0.6822860240936279, 1.0, 0.0, 74.0
4, 3, 0.6605136394500732, 1.0, 0.0, 34.0
4, 12, 0.4855327606201172, 1.0, 0.0, 84.0
4, 6, 0.5947291254997253, 1.0, 0.0, 42.0
4, 1, 0.6187039017677307, 1.0, 0.0, 70.0
4, 14, 0.7078812122344971, 1.0, 0.0, 93.0
4, 13, 0.44512301683425903, 1.0, 0.0, 78.0
4, 19, 0.6093735694885254, 1.0, 0.0, 31.0
4, 0, 0.717644214630127, 1.0, 0.0, 34.0
4, 20, 0.625444233417511, 1.0, 0.0, 58.0
4, 22, 0.5662573575973511, 1.0, 0.0, 58.0
4, 2, 0.6244904398918152, 1.0, 0.0, 88.0
4, 15, 0.4511617124080658, 1.0, 0.0, 99.0
4, 4, 0.4223008453845978, 1.0, 0.0, 88.0
4, 21, 0.6565232872962952, 1.0, 0.0, 82.0
4, 10, 0.6702926158905029, 1.0, 0.0, 57.0
4, 5, 0.6616954207420349, 1.0, 0.0, 94.0
4, 16, 0.6784299612045288, 1.0, 0.0, 50.0
5, 8, 0.646219789981842, 1.0, 0.0, 84.0
5, 23, 0.6722870469093323, 1.0, 0.0, 46.0
5, 20, 0.6118082404136658, 1.0, 0.0, 32.0
5, 9, 0.60326087474823, 1.0, 0.0, 98.0
5, 14, 0.6958532929420471, 1.0, 0.0, 68.0
5, 13, 0.41865816712379456, 1.0, 0.0, 91.0
5, 6, 0.5875489711761475, 1.0, 0.0, 98.0
5, 2, 0.6183358430862427, 1.0, 0.0, 56.0
5, 11, 0.6572849154472351, 1.0, 0.0, 17.0
5, 22, 0.5539772510528564, 1.0, 0.0, 11.0
5, 1, 0.6094802618026733, 1.0, 0.0, 41.0
5, 3, 0.6449972987174988, 1.0, 0.0, 59.0
5, 21, 0.6550062298774719, 1.0, 0.0, 44.0
5, 10, 0.5329285860061646, 1.0, 0.0, 92.0
5, 16, 0.6726683378219604, 1.0, 0.0, 76.0
5, 0, 0.7231003642082214, 1.0, 0.0, 61.0
5, 4, 0.3275317847728729, 1.0, 0.0, 14.0
5, 12, 0.48758554458618164, 1.0, 0.0, 80.0
5, 5, 0.660736083984375, 1.0, 0.0, 31.0
5, 17, 0.32972458004951477, 1.0, 0.0, 62.0
5, 15, 0.44176092743873596, 1.0, 0.0, 80.0
5, 7, 0.5806026458740234, 1.0, 0.0, 14.0
5, 19, 0.605566143989563, 1.0, 0.0, 67.0
5, 18, 0.3719944357872009, 1.0, 0.0, 24.0
6, 11, 0.6688244938850403, 1.0, 0.0, 63.0
6, 6, 0.607702374458313, 1.0, 0.0, 52.0
6, 8, 0.6722961068153381, 1.0, 0.0, 63.0
6, 14, 0.7156195044517517, 1.0, 0.0, 71.0
6, 4, 0.342354416847229, 1.0, 0.0, 24.0
6, 17, 0.34325745701789856, 1.0, 0.0, 13.0
6, 1, 0.6088386178016663, 1.0, 0.0, 14.0
6, 15, 0.46079179644584656, 1.0, 0.0, 32.0
6, 21, 0.679725170135498, 1.0, 0.0, 83.0
6, 22, 0.5834860801696777, 1.0, 0.0, 29.0
6, 18, 0.3853370249271393, 1.0, 0.0, 13.0
6, 9, 0.6178929805755615, 1.0, 0.0, 53.0
6, 23, 0.6817958950996399, 1.0, 0.0, 45.0
6, 10, 0.5334345102310181, 1.0, 0.0, 88.0
6, 2, 0.6374390721321106, 1.0, 0.0, 64.0
6, 5, 0.6973661184310913, 1.0, 0.0, 94.0
6, 13, 0.42883697152137756, 1.0, 0.0, 48.0
6, 20, 0.6293609738349915, 1.0, 0.0, 88.0
6, 7, 0.598386287689209, 1.0, 0.0, 69.0
6, 12, 0.5055718421936035, 1.0, 0.0, 43.0
6, 19, 0.6422808170318604, 1.0, 0.0, 24.0
6, 16, 0.6877925992012024, 1.0, 0.0, 34.0
6, 0, 0.7386664748191833, 1.0, 0.0, 34.0
6, 3, 0.6076332926750183, 1.0, 0.0, 10.0
7, 18, 0.36511465907096863, 1.0, 0.0, 13.0
7, 8, 0.6452572345733643, 1.0, 0.0, 39.0
7, 2, 0.6129806041717529, 1.0, 0.0, 65.0
7, 22, 0.5521444082260132, 1.0, 0.0, 58.0
7, 0, 0.7304019927978516, 1.0, 0.0, 12.0
7, 5, 0.653235673904419, 1.0, 0.0, 91.0
7, 11, 0.6692935824394226, 1.0, 0.0, 61.0
7, 3, 0.6472266912460327, 1.0, 0.0, 77.0
7, 21, 0.653667688369751, 1.0, 0.0, 30.0
7, 13, 0.45769163966178894, 1.0, 0.0, 35.0
7, 23, 0.6767963767051697, 1.0, 0.0, 86.0
7, 19, 0.6090109944343567, 1.0, 0.0, 60.0
7, 16, 0.6712279319763184, 1.0, 0.0, 66.0
7, 9, 0.5985785722732544, 1.0, 0.0, 11.0
7, 4, 0.41245099902153015, 1.0, 0.0, 91.0
7, 15, 0.5736777782440186, 1.0, 0.0, 73.0
7, 12, 0.49266862869262695, 1.0, 0.0, 46.0
7, 20, 0.6109378337860107, 1.0, 0.0, 19.0
7, 10, 0.6654861569404602, 1.0, 0.0, 64.0
7, 14, 0.68155437707901, 1.0, 0.0, 47.0
7, 1, 0.5952839255332947, 1.0, 0.0, 43.0
7, 6, 0.5808583498001099, 1.0, 0.0, 29.0
7, 7, 0.5791206955909729, 1.0, 0.0, 22.0
7, 17, 0.3251870572566986, 1.0, 0.0, 68.0
8, 1, 0.6230349540710449, 1.0, 0.0, 52.0
8, 7, 0.6088424324989319, 1.0, 0.0, 77.0
8, 17, 0.35097914934158325, 1.0, 0.0, 28.0
8, 16, 0.6922938227653503, 1.0, 0.0, 81.0
8, 15, 0.47187405824661255, 1.0, 0.0, 68.0
8, 14, 0.7196568250656128, 1.0, 0.0, 41.0
8, 3, 0.6763866543769836, 1.0, 0.0, 15.0
8, 8, 0.6769338250160217, 1.0, 0.0, 83.0
8, 11, 0.6847734451293945, 1.0, 0.0, 65.0
8, 4, 0.3450320363044739, 1.0, 0.0, 32.0
8, 22, 0.5918254852294922, 1.0, 0.0, 27.0
8, 9, 0.6161371469497681, 1.0, 0.0, 97.0
8, 12, 0.5122189521789551, 1.0, 0.0, 32.0
8, 0, 0.7479739785194397, 1.0, 0.0, 69.0
8, 10, 0.40551480650901794, 1.0, 0.0, 24.0
8, 6, 0.6158615946769714, 1.0, 0.0, 30.0
8, 18, 0.3864489197731018, 1.0, 0.0, 99.0
8, 2, 0.635680615901947, 1.0, 0.0, 74.0
8, 21, 0.6907906532287598, 1.0, 0.0, 38.0
8, 20, 0.6446652412414551, 1.0, 0.0, 78.0
8, 23, 0.4870110750198364, 1.0, 0.0, 21.0
8, 19, 0.6610461473464966, 1.0, 0.0, 18.0
8, 13, 0.42095947265625, 1.0, 0.0, 40.0
8, 5, 0.6937903165817261, 1.0, 0.0, 46.0
9, 23, 0.6820899844169617, 1.0, 0.0, 34.0
9, 18, 0.3770674169063568, 1.0, 0.0, 31.0
9, 17, 0.34906861186027527, 1.0, 0.0, 12.0
9, 9, 0.6237457990646362, 1.0, 0.0, 33.0
9, 8, 0.6816591024398804, 1.0, 0.0, 29.0
9, 5, 0.6938775777816772, 1.0, 0.0, 14.0
9, 22, 0.6014479398727417, 1.0, 0.0, 56.0
9, 2, 0.6387179493904114, 1.0, 0.0, 35.0
9, 21, 0.7019453644752502, 1.0, 0.0, 36.0
9, 1, 0.6326596140861511, 1.0, 0.0, 63.0
9, 14, 0.7107410430908203, 1.0, 0.0, 75.0
9, 13, 0.4153832495212555, 1.0, 0.0, 62.0
9, 6, 0.6228786110877991, 1.0, 0.0, 14.0
9, 16, 0.6925638914108276, 1.0, 0.0, 71.0
9, 12, 0.4985337257385254, 1.0, 0.0, 65.0
9, 4, 0.34369322657585144, 1.0, 0.0, 16.0
9, 15, 0.46996331214904785, 1.0, 0.0, 96.0
9, 11, 0.6928417086601257, 1.0, 0.0, 49.0
9, 3, 0.675494909286499, 1.0, 0.0, 92.0
9, 0, 0.7509427666664124, 1.0, 0.0, 56.0
9, 19, 0.6606835126876831, 1.0, 0.0, 88.0
9, 20, 0.6427794098854065, 1.0, 0.0, 75.0
9, 10, 0.56193608045578, 1.0, 0.0, 40.0
9, 7, 0.610159695148468, 1.0, 0.0, 70.0
10, 2, 0.6371992826461792, 1.0, 0.0, 23.0
10, 20, 0.6379923224449158, 1.0, 0.0, 82.0
10, 3, 0.6668450236320496, 1.0, 0.0, 37.0
10, 21, 0.685614824295044, 1.0, 0.0, 52.0
10, 17, 0.3441331088542938, 1.0, 0.0, 78.0
10, 1, 0.6295316219329834, 1.0, 0.0, 27.0
10, 12, 0.4911046028137207, 1.0, 0.0, 33.0
10, 19, 0.6474481225013733, 1.0, 0.0, 76.0
10, 11, 0.6879632472991943, 1.0, 0.0, 84.0
10, 13, 0.4047619104385376, 1.0, 0.0, 63.0
10, 16, 0.6918436884880066, 1.0, 0.0, 55.0
10, 7, 0.6084307432174683, 1.0, 0.0, 66.0
10, 15, 0.4586517810821533, 1.0, 0.0, 29.0
10, 18, 0.38158443570137024, 1.0, 0.0, 66.0
10, 23, 0.6670914888381958, 1.0, 0.0, 81.0
10, 8, 0.6684459447860718, 1.0, 0.0, 83.0
10, 10, 0.5361328721046448, 1.0, 0.0, 32.0
10, 4, 0.3417806327342987, 1.0, 0.0, 19.0
10, 5, 0.6660561561584473, 1.0, 0.0, 20.0
10, 22, 0.5886180400848389, 1.0, 0.0, 50.0
10, 14, 0.7033392190933228, 1.0, 0.0, 50.0
10, 0, 0.7353767156600952, 1.0, 0.0, 37.0
10, 6, 0.6019092798233032, 1.0, 0.0, 43.0
10, 9, 0.6045150756835938, 1.0, 0.0, 48.0
11, 10, 0.41150182485580444, 1.0, 0.0, 65.0
11, 5, 0.6760858297348022, 1.0, 0.0, 55.0
11, 4, 0.3447451591491699, 1.0, 0.0, 88.0
11, 9, 0.6187291145324707, 1.0, 0.0, 29.0
11, 16, 0.7025567293167114, 1.0, 0.0, 85.0
11, 8, 0.6754462718963623, 1.0, 0.0, 57.0
11, 19, 0.6563321352005005, 1.0, 0.0, 17.0
11, 13, 0.40263763070106506, 1.0, 0.0, 31.0
11, 1, 0.6483798623085022, 1.0, 0.0, 18.0
11, 23, 0.48063915967941284, 1.0, 0.0, 15.0
11, 14, 0.7140213847160339, 1.0, 0.0, 19.0
11, 3, 0.6842339634895325, 1.0, 0.0, 78.0
11, 2, 0.6454319953918457, 1.0, 0.0, 34.0
11, 6, 0.6067232489585876, 1.0, 0.0, 85.0
11, 12, 0.497556209564209, 1.0, 0.0, 63.0
11, 0, 0.7408328652381897, 1.0, 0.0, 41.0
11, 21, 0.6833838820457458, 1.0, 0.0, 30.0
11, 17, 0.3649100363254547, 1.0, 0.0, 42.0
11, 11, 0.697344958782196, 1.0, 0.0, 38.0
11, 15, 0.46958115696907043, 1.0, 0.0, 70.0
11, 20, 0.6530789732933044, 1.0, 0.0, 68.0
11, 18, 0.38929811120033264, 1.0, 0.0, 82.0
11, 22, 0.5905424952507019, 1.0, 0.0, 43.0
11, 7, 0.6175695657730103, 1.0, 0.0, 80.0
12, 9, 0.6220735907554626, 1.0, 0.0, 32.0
12, 11, 0.6952809691429138, 1.0, 0.0, 21.0
12, 6, 0.6068864464759827, 1.0, 0.0, 31.0
12, 17, 0.4111606478691101, 1.0, 0.0, 69.0
12, 8, 0.6661708354949951, 1.0, 0.0, 37.0
12, 19, 0.6566041111946106, 1.0, 0.0, 42.0
12, 15, 0.4823448359966278, 1.0, 0.0, 70.0
12, 13, 0.40768277645111084, 1.0, 0.0, 70.0
12, 2, 0.6525457501411438, 1.0, 0.0, 89.0
12, 18, 0.39548298716545105, 1.0, 0.0, 36.0
12, 3, 0.6737114191055298, 1.0, 0.0, 92.0
12, 21, 0.6789219975471497, 1.0, 0.0, 26.0
12, 1, 0.6534327864646912, 1.0, 0.0, 31.0
12, 4, 0.3468489944934845, 1.0, 0.0, 35.0
12, 22, 0.6030974984169006, 1.0, 0.0, 85.0
12, 20, 0.6480742692947388, 1.0, 0.0, 98.0
12, 5, 0.6732077598571777, 1.0, 0.0, 96.0
12, 0, 0.7403514385223389, 1.0, 0.0, 11.0
12, 14, 0.7142736911773682, 1.0, 0.0, 88.0
12, 12, 0.48934507369995117, 1.0, 0.0, 54.0
12, 7, 0.6256380677223206, 1.0, 0.0, 73.0
12, 23, 0.6841486096382141, 1.0, 0.0, 90.0
12, 10, 0.550299346446991, 1.0, 0.0, 83.0
12, 16, 0.6977853775024414, 1.0, 0.0, 20.0
13, 0, 0.7394688129425049, 1.0, 0.0, 14.0
13, 8, 0.6666958332061768, 1.0, 0.0, 20.0
13, 21, 0.6745493412017822, 1.0, 0.0, 10.0
13, 1, 0.6510266065597534, 1.0, 0.0, 10.0
13, 18, 0.3933286964893341, 1.0, 0.0, 71.0
13, 2, 0.6427144408226013, 1.0, 0.0, 44.0
13, 5, 0.6793127655982971, 1.0, 0.0, 79.0
13, 15, 0.4696575999259949, 1.0, 0.0, 22.0
13, 19, 0.6402864456176758, 1.0, 0.0, 40.0
13, 14, 0.7158718109130859, 1.0, 0.0, 73.0
13, 3, 0.6794185638427734, 1.0, 0.0, 18.0
13, 9, 0.6263377666473389, 1.0, 0.0, 36.0
13, 20, 0.6558352112770081, 1.0, 0.0, 54.0
13, 23, 0.4827958047389984, 1.0, 0.0, 94.0
13, 11, 0.7050380110740662, 1.0, 0.0, 40.0
13, 4, 0.34321507811546326, 1.0, 0.0, 54.0
13, 7, 0.6174048781394958, 1.0, 0.0, 12.0
13, 16, 0.7086784243583679, 1.0, 0.0, 84.0
13, 22, 0.6007148027420044, 1.0, 0.0, 54.0
13, 17, 0.37350741028785706, 1.0, 0.0, 42.0
13, 6, 0.5985639691352844, 1.0, 0.0, 32.0
13, 13, 0.398123562335968, 1.0, 0.0, 33.0
13, 10, 0.5428788065910339, 1.0, 0.0, 57.0
13, 12, 0.4819159209728241, 1.0, 0.0, 66.0
14, 5, 0.7008547186851501, 1.0, 0.0, 20.0
14, 21, 0.6965911388397217, 1.0, 0.0, 23.0
14, 4, 0.6177679896354675, 1.0, 0.0, 37.0
14, 10, 0.681929349899292, 1.0, 0.0, 65.0
14, 1, 0.6551973223686218, 1.0, 0.0, 40.0
14, 3, 0.6792402267456055, 1.0, 0.0, 82.0
14, 11, 0.7043812870979309, 1.0, 0.0, 43.0
14, 2, 0.6654943823814392, 1.0, 0.0, 47.0
14, 13, 0.6884404420852661, 1.0, 0.0, 14.0
14, 0, 0.7462890148162842, 1.0, 0.0, 82.0
14, 6, 0.6145561337471008, 1.0, 0.0, 58.0
14, 12, 0.585337221622467, 1.0, 0.0, 40.0
14, 18, 0.5382905006408691, 1.0, 0.0, 98.0
14, 8, 0.6912845373153687, 1.0, 0.0, 24.0
14, 22, 0.6182184815406799, 1.0, 0.0, 83.0
14, 20, 0.6693987250328064, 1.0, 0.0, 17.0
14, 14, 0.7355538606643677, 1.0, 0.0, 72.0
14, 19, 0.6603209376335144, 1.0, 0.0, 37.0
14, 23, 0.7560043334960938, 1.0, 0.0, 36.0
14, 9, 0.6213210821151733, 1.0, 0.0, 81.0
14, 15, 0.6462091207504272, 1.0, 0.0, 27.0
14, 7, 0.6260497570037842, 1.0, 0.0, 89.0
14, 17, 0.3817863464355469, 1.0, 0.0, 78.0
14, 16, 0.6994958519935608, 1.0, 0.0, 97.0
15, 3, 0.6191368103027344, 1.0, 0.0, 92.0
15, 4, 0.5148704051971436, 1.0, 0.0, 82.0
15, 17, 0.35631269216537476, 1.0, 0.0, 34.0
15, 6, 0.5977480411529541, 1.0, 0.0, 25.0
15, 20, 0.6295060515403748, 1.0, 0.0, 71.0
15, 18, 0.4845031201839447, 1.0, 0.0, 72.0
15, 0, 0.7356976866722107, 1.0, 0.0, 43.0
15, 14, 0.7046008706092834, 1.0, 0.0, 75.0
15, 16, 0.6969751715660095, 1.0, 0.0, 53.0
15, 1, 0.6669874787330627, 1.0, 0.0, 48.0
15, 15, 0.6503362655639648, 1.0, 0.0, 12.0
15, 12, 0.5396872162818909, 1.0, 0.0, 48.0
15, 13, 0.6783501505851746, 1.0, 0.0, 25.0
15, 8, 0.6553202867507935, 1.0, 0.0, 36.0
15, 23, 0.7365944385528564, 1.0, 0.0, 74.0
15, 5, 0.6672771573066711, 1.0, 0.0, 11.0
15, 10, 0.6754363775253296, 1.0, 0.0, 29.0
15, 22, 0.6012646555900574, 1.0, 0.0, 14.0
15, 2, 0.6495883464813232, 1.0, 0.0, 77.0
15, 19, 0.6272323727607727, 1.0, 0.0, 20.0
15, 21, 0.6727645993232727, 1.0, 0.0, 32.0
15, 7, 0.6051374673843384, 1.0, 0.0, 48.0
15, 11, 0.6999718546867371, 1.0, 0.0, 45.0
15, 9, 0.6357023119926453, 1.0, 0.0, 62.0
16, 6, 0.6183093786239624, 1.0, 0.0, 14.0
16, 22, 0.6356304883956909, 1.0, 0.0, 59.0
16, 20, 0.6553274989128113, 1.0, 0.0, 39.0
16, 15, 0.5016050338745117, 1.0, 0.0, 17.0
16, 7, 0.6223447918891907, 1.0, 0.0, 10.0
16, 21, 0.6940924525260925, 1.0, 0.0, 35.0
16, 9, 0.64673912525177, 1.0, 0.0, 12.0
16, 19, 0.6635844707489014, 1.0, 0.0, 17.0
16, 4, 0.37008702754974365, 1.0, 0.0, 15.0
16, 5, 0.7006802558898926, 1.0, 0.0, 65.0
16, 11, 0.7263345718383789, 1.0, 0.0, 84.0
16, 13, 0.4193662703037262, 1.0, 0.0, 90.0
16, 17, 0.44761979579925537, 1.0, 0.0, 56.0
16, 3, 0.6758516430854797, 1.0, 0.0, 82.0
16, 8, 0.6831466555595398, 1.0, 0.0, 19.0
16, 2, 0.6626169085502625, 1.0, 0.0, 52.0
16, 1, 0.6811036467552185, 1.0, 0.0, 19.0
16, 10, 0.5596593022346497, 1.0, 0.0, 97.0
16, 23, 0.6898343563079834, 1.0, 0.0, 80.0
16, 18, 0.39041000604629517, 1.0, 0.0, 43.0
16, 12, 0.48690128326416016, 1.0, 0.0, 98.0
16, 14, 0.7293296456336975, 1.0, 0.0, 46.0
16, 0, 0.7489368319511414, 1.0, 0.0, 32.0
16, 16, 0.7170507907867432, 1.0, 0.0, 86.0
17, 10, 0.6810017824172974, 1.0, 0.0, 77.0
17, 20, 0.64423006772995, 1.0, 0.0, 41.0
17, 14, 0.7228530645370483, 1.0, 0.0, 71.0
17, 2, 0.6534249782562256, 1.0, 0.0, 21.0
17, 22, 0.6250916719436646, 1.0, 0.0, 95.0
17, 16, 0.7106589674949646, 1.0, 0.0, 51.0
17, 4, 0.6189155578613281, 1.0, 0.0, 50.0
17, 18, 0.5205003619194031, 1.0, 0.0, 26.0
17, 8, 0.6796464920043945, 1.0, 0.0, 15.0
17, 1, 0.6681103706359863, 1.0, 0.0, 58.0
17, 7, 0.6155936121940613, 1.0, 0.0, 53.0
17, 23, 0.745613157749176, 1.0, 0.0, 23.0
17, 13, 0.6960523724555969, 1.0, 0.0, 15.0
17, 19, 0.6444565057754517, 1.0, 0.0, 82.0
17, 12, 0.7210166454315186, 1.0, 0.0, 78.0
17, 3, 0.6710361838340759, 1.0, 0.0, 22.0
17, 21, 0.6897197961807251, 1.0, 0.0, 81.0
17, 0, 0.7475728392601013, 1.0, 0.0, 53.0
17, 9, 0.6352006793022156, 1.0, 0.0, 71.0
17, 5, 0.6790511012077332, 1.0, 0.0, 64.0
17, 11, 0.7249273061752319, 1.0, 0.0, 92.0
17, 6, 0.6154536604881287, 1.0, 0.0, 19.0
17, 15, 0.6579027771949768, 1.0, 0.0, 21.0
17, 17, 0.4353606104850769, 1.0, 0.0, 79.0
18, 0, 0.7685950398445129, 1.0, 0.0, 94.0
18, 15, 0.6980281472206116, 1.0, 0.0, 42.0
18, 4, 0.5230945944786072, 1.0, 0.0, 66.0
18, 22, 0.694831371307373, 1.0, 0.0, 90.0
18, 1, 0.7086140513420105, 1.0, 0.0, 89.0
18, 9, 0.647826075553894, 1.0, 0.0, 48.0
18, 17, 0.4879000186920166, 1.0, 0.0, 69.0
18, 11, 0.7385308146476746, 1.0, 0.0, 23.0
18, 21, 0.7377297878265381, 1.0, 0.0, 64.0
18, 7, 0.6621109843254089, 1.0, 0.0, 30.0
18, 16, 0.7197515368461609, 1.0, 0.0, 27.0
18, 19, 0.7344755530357361, 1.0, 0.0, 41.0
18, 13, 0.48690032958984375, 1.0, 0.0, 61.0
18, 20, 0.6843402981758118, 1.0, 0.0, 30.0
18, 5, 0.7355660200119019, 1.0, 0.0, 24.0
18, 18, 0.5154968500137329, 1.0, 0.0, 39.0
18, 23, 0.7486521005630493, 1.0, 0.0, 100.0
18, 12, 0.7362658977508545, 1.0, 0.0, 58.0
18, 10, 0.6896871328353882, 1.0, 0.0, 28.0
18, 6, 0.6653884053230286, 1.0, 0.0, 73.0
18, 2, 0.7060186862945557, 1.0, 0.0, 38.0
18, 3, 0.6884251832962036, 1.0, 0.0, 21.0
18, 14, 0.7498527765274048, 1.0, 0.0, 40.0
18, 8, 0.7192859649658203, 1.0, 0.0, 98.0
19, 21, 0.7371943593025208, 1.0, 0.0, 50.0
19, 18, 0.3943015933036804, 1.0, 0.0, 99.0
19, 8, 0.7232236862182617, 1.0, 0.0, 93.0
19, 3, 0.6858391165733337, 1.0, 0.0, 83.0
19, 19, 0.7458979487419128, 1.0, 0.0, 24.0
19, 11, 0.7463176846504211, 1.0, 0.0, 14.0
19, 10, 0.4122607409954071, 1.0, 0.0, 72.0
19, 16, 0.724162757396698, 1.0, 0.0, 58.0
19, 6, 0.6610639691352844, 1.0, 0.0, 73.0
19, 9, 0.6513378024101257, 1.0, 0.0, 80.0
19, 12, 0.5007820129394531, 1.0, 0.0, 63.0
19, 23, 0.47916871309280396, 1.0, 0.0, 67.0
19, 22, 0.7077529430389404, 1.0, 0.0, 87.0
19, 7, 0.6547011137008667, 1.0, 0.0, 82.0
19, 1, 0.7045235633850098, 1.0, 0.0, 85.0
19, 14, 0.7533013820648193, 1.0, 0.0, 75.0
19, 15, 0.5249159336090088, 1.0, 0.0, 96.0
19, 5, 0.7397522926330566, 1.0, 0.0, 48.0
19, 2, 0.7152106165885925, 1.0, 0.0, 21.0
19, 13, 0.4312267601490021, 1.0, 0.0, 44.0
19, 20, 0.6826720833778381, 1.0, 0.0, 58.0
19, 0, 0.7775014042854309, 1.0, 0.0, 58.0
19, 17, 0.40638431906700134, 1.0, 0.0, 81.0
19, 4, 0.3719039857387543, 1.0, 0.0, 49.0
20, 8, 0.7153482437133789, 1.0, 0.0, 11.0
20, 15, 0.5266737937927246, 1.0, 0.0, 23.0
20, 9, 0.6534280776977539, 1.0, 0.0, 55.0
20, 7, 0.6453153491020203, 1.0, 0.0, 19.0
20, 6, 0.645235002040863, 1.0, 0.0, 32.0
20, 3, 0.6496343612670898, 1.0, 0.0, 58.0
20, 21, 0.7379974722862244, 1.0, 0.0, 30.0
20, 5, 0.73835688829422, 1.0, 0.0, 81.0
20, 14, 0.7512826919555664, 1.0, 0.0, 56.0
20, 23, 0.48985394835472107, 1.0, 0.0, 26.0
20, 13, 0.4382191598415375, 1.0, 0.0, 81.0
20, 1, 0.7088546752929688, 1.0, 0.0, 66.0
20, 2, 0.7025017738342285, 1.0, 0.0, 43.0
20, 11, 0.7389999032020569, 1.0, 0.0, 37.0
20, 18, 0.37574705481529236, 1.0, 0.0, 20.0
20, 22, 0.6971224546432495, 1.0, 0.0, 37.0
20, 10, 0.4154650568962097, 1.0, 0.0, 35.0
20, 0, 0.7724464535713196, 1.0, 0.0, 52.0
20, 16, 0.7244328260421753, 1.0, 0.0, 76.0
20, 4, 0.368556946516037, 1.0, 0.0, 94.0
20, 19, 0.7293083071708679, 1.0, 0.0, 57.0
20, 12, 0.5106549263000488, 1.0, 0.0, 43.0
20, 17, 0.39277184009552, 1.0, 0.0, 66.0
20, 20, 0.6733154654502869, 1.0, 0.0, 48.0
21, 18, 0.39527449011802673, 1.0, 0.0, 50.0
21, 11, 0.7459424138069153, 1.0, 0.0, 65.0
21, 15, 0.6575206518173218, 1.0, 0.0, 81.0
21, 16, 0.7260532975196838, 1.0, 0.0, 57.0
21, 8, 0.73801189661026, 1.0, 0.0, 49.0
21, 22, 0.7099523544311523, 1.0, 0.0, 12.0
21, 20, 0.689635157585144, 1.0, 0.0, 41.0
21, 13, 0.4690210521221161, 1.0, 0.0, 88.0
21, 23, 0.707283616065979, 1.0, 0.0, 55.0
21, 3, 0.7021580338478088, 1.0, 0.0, 52.0
21, 19, 0.7262260913848877, 1.0, 0.0, 98.0
21, 14, 0.7633947134017944, 1.0, 0.0, 56.0
21, 4, 0.4676293432712555, 1.0, 0.0, 55.0
21, 6, 0.6620430946350098, 1.0, 0.0, 71.0
21, 2, 0.7088961601257324, 1.0, 0.0, 24.0
21, 17, 0.40757840871810913, 1.0, 0.0, 12.0
21, 0, 0.7757361531257629, 1.0, 0.0, 46.0
21, 7, 0.6539601683616638, 1.0, 0.0, 28.0
21, 10, 0.6711358428001404, 1.0, 0.0, 83.0
21, 21, 0.7346956729888916, 1.0, 0.0, 34.0
21, 5, 0.7517006993293762, 1.0, 0.0, 23.0
21, 9, 0.6504180431365967, 1.0, 0.0, 45.0
21, 1, 0.7010747790336609, 1.0, 0.0, 36.0
21, 12, 0.5280547142028809, 1.0, 0.0, 22.0
22, 9, 0.6462374329566956, 1.0, 0.0, 94.0
22, 7, 0.6569240689277649, 1.0, 0.0, 25.0
22, 17, 0.4168922007083893, 1.0, 0.0, 60.0
22, 3, 0.7014446258544922, 1.0, 0.0, 86.0
22, 13, 0.5112408995628357, 1.0, 0.0, 12.0
22, 1, 0.7143888473510742, 1.0, 0.0, 46.0
22, 11, 0.7491322159767151, 1.0, 0.0, 39.0
22, 15, 0.6880923509597778, 1.0, 0.0, 41.0
22, 20, 0.6978312730789185, 1.0, 0.0, 18.0
22, 12, 0.5489736199378967, 1.0, 0.0, 78.0
22, 23, 0.7114008665084839, 1.0, 0.0, 38.0
22, 22, 0.713892936706543, 1.0, 0.0, 79.0
22, 6, 0.6680809259414673, 1.0, 0.0, 76.0
22, 19, 0.7309401035308838, 1.0, 0.0, 94.0
22, 8, 0.7477248907089233, 1.0, 0.0, 96.0
22, 5, 0.7559741735458374, 1.0, 0.0, 17.0
22, 16, 0.7279438376426697, 1.0, 0.0, 11.0
22, 18, 0.401876300573349, 1.0, 0.0, 18.0
22, 2, 0.7117736339569092, 1.0, 0.0, 53.0
22, 0, 0.7753350138664246, 1.0, 0.0, 37.0
22, 4, 0.4729846119880676, 1.0, 0.0, 71.0
22, 14, 0.7665068507194519, 1.0, 0.0, 84.0
22, 21, 0.7385329008102417, 1.0, 0.0, 57.0
22, 10, 0.7189476490020752, 1.0, 0.0, 17.0
23, 16, 0.7386568188667297, 1.0, 0.0, 71.0
23, 5, 0.7699284553527832, 1.0, 0.0, 94.0
23, 1, 0.7185595035552979, 1.0, 0.0, 58.0
23, 22, 0.7201246619224548, 1.0, 0.0, 32.0
23, 3, 0.6556982398033142, 1.0, 0.0, 42.0
23, 10, 0.7075638771057129, 1.0, 0.0, 36.0
23, 15, 0.7172118425369263, 1.0, 0.0, 71.0
23, 19, 0.7490708231925964, 1.0, 0.0, 94.0
23, 21, 0.7584329843521118, 1.0, 0.0, 17.0
23, 0, 0.7835192084312439, 1.0, 0.0, 70.0
23, 12, 0.5772238373756409, 1.0, 0.0, 43.0
23, 7, 0.6652395725250244, 1.0, 0.0, 80.0
23, 23, 0.6944417357444763, 1.0, 0.0, 90.0
23, 9, 0.6397157311439514, 1.0, 0.0, 97.0
23, 17, 0.44738098978996277, 1.0, 0.0, 90.0
23, 4, 0.4573969542980194, 1.0, 0.0, 46.0
23, 2, 0.7320757508277893, 1.0, 0.0, 10.0
23, 8, 0.7529751658439636, 1.0, 0.0, 56.0
23, 20, 0.7130630016326904, 1.0, 0.0, 55.0
23, 13, 0.49486634135246277, 1.0, 0.0, 20.0
23, 18, 0.40931200981140137, 1.0, 0.0, 68.0
23, 6, 0.682441234588623, 1.0, 0.0, 49.0
23, 14, 0.7673479914665222, 1.0, 0.0, 79.0
23, 11, 0.7518528699874878, 1.0, 0.0, 63.0
24, 4, 0.36023715138435364, 1.0, 0.0, 83.0
24, 0, 0.7727673649787903, 1.0, 0.0, 73.0
24, 6, 0.6142297387123108, 1.0, 0.0, 19.0
24, 8, 0.7530626654624939, 1.0, 0.0, 37.0
24, 16, 0.7356860041618347, 1.0, 0.0, 18.0
24, 23, 0.48407018184661865, 1.0, 0.0, 41.0
24, 9, 0.6734113693237305, 1.0, 0.0, 56.0
24, 14, 0.7602826356887817, 1.0, 0.0, 62.0
24, 3, 0.7003745436668396, 1.0, 0.0, 28.0
24, 7, 0.6584060788154602, 1.0, 0.0, 20.0
24, 21, 0.7556666135787964, 1.0, 0.0, 20.0
24, 20, 0.7010952234268188, 1.0, 0.0, 79.0
24, 10, 0.43114933371543884, 1.0, 0.0, 27.0
24, 22, 0.7210410833358765, 1.0, 0.0, 49.0
24, 2, 0.7268803715705872, 1.0, 0.0, 40.0
24, 5, 0.7523111701011658, 1.0, 0.0, 83.0
24, 19, 0.74100261926651, 1.0, 0.0, 41.0
24, 15, 0.5609905123710632, 1.0, 0.0, 87.0
24, 11, 0.7572004795074463, 1.0, 0.0, 69.0
24, 18, 0.3890896439552307, 1.0, 0.0, 52.0
24, 12, 0.4956989288330078, 1.0, 0.0, 56.0
24, 13, 0.4522039294242859, 1.0, 0.0, 90.0
24, 17, 0.4384652078151703, 1.0, 0.0, 40.0
24, 1, 0.7386108636856079, 1.0, 0.0, 69.0
25, 11, 0.7635800838470459, 1.0, 0.0, 61.0
25, 6, 0.6733844876289368, 1.0, 0.0, 56.0
25, 12, 0.5043988227844238, 1.0, 0.0, 51.0
25, 19, 0.7287644147872925, 1.0, 0.0, 60.0
25, 23, 0.6890500783920288, 1.0, 0.0, 48.0
25, 18, 0.38359972834587097, 1.0, 0.0, 29.0
25, 4, 0.4494597017765045, 1.0, 0.0, 99.0
25, 3, 0.6372391581535339, 1.0, 0.0, 11.0
25, 5, 0.7450723648071289, 1.0, 0.0, 54.0
25, 0, 0.7730081081390381, 1.0, 0.0, 92.0
25, 15, 0.7127025127410889, 1.0, 0.0, 47.0
25, 9, 0.6433946490287781, 1.0, 0.0, 87.0
25, 20, 0.6738231778144836, 1.0, 0.0, 61.0
25, 10, 0.6986255049705505, 1.0, 0.0, 66.0
25, 16, 0.7291141748428345, 1.0, 0.0, 83.0
25, 13, 0.5036289691925049, 1.0, 0.0, 55.0
25, 22, 0.7308467626571655, 1.0, 0.0, 69.0
25, 2, 0.7067380547523499, 1.0, 0.0, 85.0
25, 21, 0.7404961585998535, 1.0, 0.0, 87.0
25, 14, 0.7642358541488647, 1.0, 0.0, 43.0
25, 8, 0.7427371144294739, 1.0, 0.0, 60.0
25, 7, 0.6571710705757141, 1.0, 0.0, 22.0
25, 1, 0.7125440835952759, 1.0, 0.0, 32.0
25, 17, 0.4019264578819275, 1.0, 0.0, 55.0
26, 20, 0.6943497657775879, 1.0, 0.0, 43.0
26, 0, 0.7732487916946411, 1.0, 0.0, 39.0
26, 16, 0.7344256639480591, 1.0, 0.0, 71.0
26, 11, 0.7496013045310974, 1.0, 0.0, 23.0
26, 6, 0.6017460823059082, 1.0, 0.0, 89.0
26, 8, 0.7500874996185303, 1.0, 0.0, 50.0
26, 23, 0.4732869267463684, 1.0, 0.0, 99.0
26, 9, 0.6586120128631592, 1.0, 0.0, 27.0
26, 1, 0.7306705117225647, 1.0, 0.0, 35.0
26, 4, 0.3733384311199188, 1.0, 0.0, 60.0
26, 18, 0.401876300573349, 1.0, 0.0, 62.0
26, 5, 0.7465550303459167, 1.0, 0.0, 86.0
26, 21, 0.7318400740623474, 1.0, 0.0, 93.0
26, 3, 0.6937756538391113, 1.0, 0.0, 69.0
26, 22, 0.7249816656112671, 1.0, 0.0, 31.0
26, 17, 0.444754034280777, 1.0, 0.0, 62.0
26, 15, 0.5671812891960144, 1.0, 0.0, 100.0
26, 12, 0.49120235443115234, 1.0, 0.0, 92.0
26, 7, 0.6628519892692566, 1.0, 0.0, 46.0
26, 2, 0.7306370139122009, 1.0, 0.0, 61.0
26, 19, 0.7427250742912292, 1.0, 0.0, 32.0
26, 14, 0.7685255408287048, 1.0, 0.0, 61.0
26, 10, 0.4416898488998413, 1.0, 0.0, 61.0
26, 13, 0.4711453318595886, 1.0, 0.0, 63.0
27, 11, 0.7471620440483093, 1.0, 0.0, 26.0
27, 22, 0.7042705416679382, 1.0, 0.0, 32.0
27, 4, 0.4607439935207367, 1.0, 0.0, 10.0
27, 10, 0.5936419367790222, 1.0, 0.0, 10.0
27, 6, 0.5958713889122009, 1.0, 0.0, 20.0
27, 21, 0.7404961585998535, 1.0, 0.0, 30.0
27, 17, 0.40718039870262146, 1.0, 0.0, 46.0
27, 18, 0.3906184732913971, 1.0, 0.0, 84.0
27, 16, 0.7309146523475647, 1.0, 0.0, 59.0
27, 0, 0.7734895348548889, 1.0, 0.0, 95.0
27, 7, 0.6364235281944275, 1.0, 0.0, 63.0
27, 23, 0.7202234864234924, 1.0, 0.0, 45.0
27, 5, 0.7725449204444885, 1.0, 0.0, 45.0
27, 8, 0.7519251108169556, 1.0, 0.0, 94.0
27, 3, 0.5442304015159607, 1.0, 0.0, 42.0
27, 14, 0.7693666219711304, 1.0, 0.0, 84.0
27, 1, 0.7157523036003113, 1.0, 0.0, 60.0
27, 15, 0.6995567083358765, 1.0, 0.0, 34.0
27, 19, 0.7276765704154968, 1.0, 0.0, 87.0
27, 13, 0.5225703716278076, 1.0, 0.0, 14.0
27, 2, 0.6913116574287415, 1.0, 0.0, 84.0
27, 12, 0.5279569625854492, 1.0, 0.0, 27.0
27, 9, 0.6494983434677124, 1.0, 0.0, 49.0
27, 20, 0.6784652471542358, 1.0, 0.0, 68.0
28, 12, 0.7822092175483704, 1.0, 0.0, 41.0
28, 9, 0.6350334286689758, 1.0, 0.0, 58.0
28, 18, 0.5717859864234924, 1.0, 0.0, 76.0
28, 15, 0.7172118425369263, 1.0, 0.0, 21.0
28, 8, 0.7616381049156189, 1.0, 0.0, 52.0
28, 2, 0.7021820545196533, 1.0, 0.0, 47.0
28, 5, 0.7772544622421265, 1.0, 0.0, 25.0
28, 13, 0.7426093220710754, 1.0, 0.0, 50.0
28, 6, 0.6085183024406433, 1.0, 0.0, 15.0
28, 23, 0.7781590223312378, 1.0, 0.0, 37.0
28, 1, 0.7147096395492554, 1.0, 0.0, 30.0
28, 22, 0.7288306355476379, 1.0, 0.0, 27.0
28, 17, 0.43257442116737366, 1.0, 0.0, 95.0
28, 20, 0.6938420534133911, 1.0, 0.0, 49.0
28, 10, 0.7436546087265015, 1.0, 0.0, 82.0
28, 16, 0.7388368844985962, 1.0, 0.0, 22.0
28, 7, 0.6709204912185669, 1.0, 0.0, 13.0
28, 14, 0.7765160799026489, 1.0, 0.0, 92.0
28, 11, 0.7491322159767151, 1.0, 0.0, 18.0
28, 21, 0.7475459575653076, 1.0, 0.0, 16.0
28, 4, 0.6616620421409607, 1.0, 0.0, 68.0
28, 0, 0.7764583230018616, 1.0, 0.0, 67.0
28, 19, 0.7324811816215515, 1.0, 0.0, 83.0
28, 3, 0.6802211403846741, 1.0, 0.0, 81.0
29, 9, 0.6258361339569092, 1.0, 0.0, 54.0
29, 3, 0.6669341921806335, 1.0, 0.0, 100.0
29, 0, 0.7801492214202881, 1.0, 0.0, 57.0
29, 7, 0.6794829368591309, 1.0, 0.0, 61.0
29, 4, 0.5456631779670715, 1.0, 0.0, 35.0
29, 11, 0.7641429901123047, 1.0, 0.0, 39.0
29, 12, 0.7297165393829346, 1.0, 0.0, 70.0
29, 15, 0.7247019410133362, 1.0, 0.0, 91.0
29, 6, 0.6261423230171204, 1.0, 0.0, 24.0
29, 8, 0.757875382900238, 1.0, 0.0, 17.0
29, 23, 0.729438304901123, 1.0, 0.0, 99.0
29, 1, 0.6952197551727295, 1.0, 0.0, 74.0
29, 20, 0.7201711535453796, 1.0, 0.0, 10.0
29, 18, 0.5649061799049377, 1.0, 0.0, 77.0
29, 21, 0.7605746984481812, 1.0, 0.0, 90.0
29, 16, 0.7327151894569397, 1.0, 0.0, 32.0
29, 19, 0.7407306432723999, 1.0, 0.0, 56.0
29, 13, 0.5222163200378418, 1.0, 0.0, 42.0
29, 17, 0.47396910190582275, 1.0, 0.0, 77.0
29, 5, 0.7848421335220337, 1.0, 0.0, 91.0
29, 14, 0.7737404108047485, 1.0, 0.0, 63.0
29, 10, 0.7157433032989502, 1.0, 0.0, 41.0
29, 2, 0.7248021960258484, 1.0, 0.0, 72.0
29, 22, 0.7441349029541016, 1.0, 0.0, 44.0
30, 7, 0.6660628914833069, 1.0, 0.0, 19.0
30, 23, 0.7144397497177124, 1.0, 0.0, 51.0
30, 6, 0.6185541749000549, 1.0, 0.0, 97.0
30, 8, 0.7633881568908691, 1.0, 0.0, 65.0
30, 13, 0.5230129361152649, 1.0, 0.0, 38.0
30, 22, 0.7149926424026489, 1.0, 0.0, 81.0
30, 19, 0.7366512417793274, 1.0, 0.0, 73.0
30, 11, 0.7532601356506348, 1.0, 0.0, 55.0
30, 15, 0.7021552920341492, 1.0, 0.0, 100.0
30, 5, 0.7883307337760925, 1.0, 0.0, 54.0
30, 2, 0.7040204405784607, 1.0, 0.0, 27.0
30, 0, 0.7843216061592102, 1.0, 0.0, 33.0
30, 4, 0.5041598677635193, 1.0, 0.0, 13.0
30, 17, 0.4574112296104431, 1.0, 0.0, 20.0
30, 14, 0.7643199563026428, 1.0, 0.0, 100.0
30, 20, 0.7204613089561462, 1.0, 0.0, 93.0
30, 18, 0.44961780309677124, 1.0, 0.0, 94.0
30, 10, 0.7238384485244751, 1.0, 0.0, 49.0
30, 1, 0.6924927830696106, 1.0, 0.0, 63.0
30, 16, 0.7317248582839966, 1.0, 0.0, 66.0
30, 12, 0.5893450379371643, 1.0, 0.0, 48.0
30, 3, 0.6959158182144165, 1.0, 0.0, 89.0
30, 21, 0.7498661279678345, 1.0, 0.0, 35.0
30, 9, 0.629431426525116, 1.0, 0.0, 23.0
31, 8, 0.7682884335517883, 1.0, 0.0, 56.0
31, 22, 0.7312133312225342, 1.0, 0.0, 18.0
31, 0, 0.7909010648727417, 1.0, 0.0, 86.0
31, 21, 0.7520970702171326, 1.0, 0.0, 89.0
31, 12, 0.7459433078765869, 1.0, 0.0, 99.0
31, 11, 0.7511961460113525, 1.0, 0.0, 97.0
31, 14, 0.7603667378425598, 1.0, 0.0, 93.0
31, 1, 0.6819056868553162, 1.0, 0.0, 53.0
31, 3, 0.7276618480682373, 1.0, 0.0, 21.0
31, 9, 0.6208193898200989, 1.0, 0.0, 64.0
31, 7, 0.6854108572006226, 1.0, 0.0, 15.0
31, 17, 0.47245660424232483, 1.0, 0.0, 96.0
31, 20, 0.7197359800338745, 1.0, 0.0, 23.0
31, 4, 0.5841063261032104, 1.0, 0.0, 47.0
31, 23, 0.7541417479515076, 1.0, 0.0, 61.0
31, 2, 0.7117736339569092, 1.0, 0.0, 86.0
31, 18, 0.5845726132392883, 1.0, 0.0, 32.0
31, 13, 0.7270313501358032, 1.0, 0.0, 81.0
31, 6, 0.6179014444351196, 1.0, 0.0, 49.0
31, 5, 0.7853654026985168, 1.0, 0.0, 77.0
31, 16, 0.7274937033653259, 1.0, 0.0, 44.0
31, 19, 0.7273139357566833, 1.0, 0.0, 73.0
31, 15, 0.7208040356636047, 1.0, 0.0, 56.0
31, 10, 0.7280546426773071, 1.0, 0.0, 49.0
32, 14, 0.7679367661476135, 1.0, 0.0, 40.0
32, 23, 0.7582589983940125, 1.0, 0.0, 100.0
32, 2, 0.712253212928772, 1.0, 0.0, 60.0
32, 19, 0.7371045351028442, 1.0, 0.0, 59.0
32, 6, 0.6214914917945862, 1.0, 0.0, 29.0
32, 8, 0.7670633792877197, 1.0, 0.0, 82.0
32, 4, 0.6385196447372437, 1.0, 0.0, 40.0
32, 1, 0.7119826674461365, 1.0, 0.0, 23.0
32, 15, 0.7153775691986084, 1.0, 0.0, 66.0
32, 17, 0.4520776867866516, 1.0, 0.0, 50.0
32, 21, 0.7564697265625, 1.0, 0.0, 47.0
32, 22, 0.7302969098091125, 1.0, 0.0, 11.0
32, 18, 0.5631688833236694, 1.0, 0.0, 84.0
32, 11, 0.7586077451705933, 1.0, 0.0, 87.0
32, 10, 0.7236697673797607, 1.0, 0.0, 36.0
32, 9, 0.6264213919639587, 1.0, 0.0, 39.0
32, 7, 0.6662275791168213, 1.0, 0.0, 28.0
32, 3, 0.6633672118186951, 1.0, 0.0, 44.0
32, 16, 0.731904923915863, 1.0, 0.0, 66.0
32, 13, 0.7469463348388672, 1.0, 0.0, 38.0
32, 20, 0.7217668890953064, 1.0, 0.0, 73.0
32, 5, 0.7919937372207642, 1.0, 0.0, 64.0
32, 12, 0.7613880634307861, 1.0, 0.0, 88.0
32, 0, 0.7884137034416199, 1.0, 0.0, 26.0
33, 13, 0.7493361830711365, 1.0, 0.0, 53.0
33, 5, 0.7549276351928711, 1.0, 0.0, 66.0
33, 9, 0.6367056965827942, 1.0, 0.0, 57.0
33, 15, 0.7211097478866577, 1.0, 0.0, 76.0
33, 14, 0.7636470794677734, 1.0, 0.0, 50.0
33, 11, 0.7721174359321594, 1.0, 0.0, 47.0
33, 12, 0.7609970569610596, 1.0, 0.0, 29.0
33, 22, 0.7151759266853333, 1.0, 0.0, 63.0
33, 20, 0.6939870715141296, 1.0, 0.0, 86.0
33, 6, 0.602643609046936, 1.0, 0.0, 48.0
33, 2, 0.6995444297790527, 1.0, 0.0, 87.0
33, 8, 0.7447497248649597, 1.0, 0.0, 81.0
33, 10, 0.7057087421417236, 1.0, 0.0, 49.0
33, 0, 0.7720452547073364, 1.0, 0.0, 17.0
33, 19, 0.7206055521965027, 1.0, 0.0, 61.0
33, 7, 0.6419397592544556, 1.0, 0.0, 67.0
33, 4, 0.6318255662918091, 1.0, 0.0, 25.0
33, 23, 0.7561023235321045, 1.0, 0.0, 84.0
33, 1, 0.7221687436103821, 1.0, 0.0, 46.0
33, 3, 0.6955591440200806, 1.0, 0.0, 48.0
33, 21, 0.7388006448745728, 1.0, 0.0, 18.0
33, 17, 0.4125935435295105, 1.0, 0.0, 22.0
33, 18, 0.5400277972221375, 1.0, 0.0, 20.0
33, 16, 0.7316348552703857, 1.0, 0.0, 34.0
34, 9, 0.6319398283958435, 1.0, 0.0, 50.0
34, 10, 0.5683447122573853, 1.0, 0.0, 56.0
34, 1, 0.7097369432449341, 1.0, 0.0, 25.0
34, 8, 0.7559502720832825, 1.0, 0.0, 70.0
34, 23, 0.6837564706802368, 1.0, 0.0, 66.0
34, 22, 0.7378115653991699, 1.0, 0.0, 76.0
34, 20, 0.7115398645401001, 1.0, 0.0, 80.0
34, 6, 0.6256527304649353, 1.0, 0.0, 91.0
34, 16, 0.7307345867156982, 1.0, 0.0, 97.0
34, 19, 0.7526062726974487, 1.0, 0.0, 10.0
34, 13, 0.4868118166923523, 1.0, 0.0, 60.0
34, 14, 0.7640676498413086, 1.0, 0.0, 93.0
34, 5, 0.7905982732772827, 1.0, 0.0, 98.0
34, 12, 0.5144672393798828, 1.0, 0.0, 97.0
34, 18, 0.4093815088272095, 1.0, 0.0, 41.0
34, 3, 0.6758516430854797, 1.0, 0.0, 11.0
34, 11, 0.7543859481811523, 1.0, 0.0, 34.0
34, 17, 0.42939022183418274, 1.0, 0.0, 79.0
34, 4, 0.4533805251121521, 1.0, 0.0, 25.0
34, 15, 0.6831244230270386, 1.0, 0.0, 45.0
34, 2, 0.7292782068252563, 1.0, 0.0, 16.0
34, 0, 0.7933884263038635, 1.0, 0.0, 74.0
34, 21, 0.7616455554962158, 1.0, 0.0, 41.0
34, 7, 0.6694384813308716, 1.0, 0.0, 65.0
35, 5, 0.7885923385620117, 1.0, 0.0, 59.0
35, 3, 0.6654182076454163, 1.0, 0.0, 87.0
35, 2, 0.7228838801383972, 1.0, 0.0, 85.0
35, 16, 0.7368563413619995, 1.0, 0.0, 60.0
35, 14, 0.7728152275085449, 1.0, 0.0, 59.0
35, 17, 0.430504709482193, 1.0, 0.0, 11.0
35, 4, 0.5095151662826538, 1.0, 0.0, 32.0
35, 23, 0.7281638979911804, 1.0, 0.0, 55.0
35, 20, 0.7179226875305176, 1.0, 0.0, 89.0
35, 9, 0.6181437969207764, 1.0, 0.0, 52.0
35, 12, 0.5600195527076721, 1.0, 0.0, 83.0
35, 15, 0.7278355360031128, 1.0, 0.0, 62.0
35, 11, 0.772023618221283, 1.0, 0.0, 34.0
35, 1, 0.6893647909164429, 1.0, 0.0, 43.0
35, 6, 0.6293244361877441, 1.0, 0.0, 25.0
35, 21, 0.7708370685577393, 1.0, 0.0, 63.0
35, 0, 0.7974002957344055, 1.0, 0.0, 25.0
35, 13, 0.4936271905899048, 1.0, 0.0, 62.0
35, 8, 0.7735386490821838, 1.0, 0.0, 46.0
35, 22, 0.7379032373428345, 1.0, 0.0, 23.0
35, 18, 0.4743571877479553, 1.0, 0.0, 91.0
35, 7, 0.6696854829788208, 1.0, 0.0, 47.0
35, 10, 0.6457542777061462, 1.0, 0.0, 10.0
35, 19, 0.751065194606781, 1.0, 0.0, 89.0
36, 10, 0.707985520362854, 1.0, 0.0, 62.0
36, 15, 0.7147661447525024, 1.0, 0.0, 51.0
36, 0, 0.7826365828514099, 1.0, 0.0, 54.0
36, 13, 0.7396884560585022, 1.0, 0.0, 98.0
36, 21, 0.7520970702171326, 1.0, 0.0, 13.0
36, 6, 0.615943193435669, 1.0, 0.0, 23.0
36, 20, 0.6955828070640564, 1.0, 0.0, 88.0
36, 22, 0.7324047088623047, 1.0, 0.0, 15.0
36, 23, 0.7518870830535889, 1.0, 0.0, 50.0
36, 18, 0.5289089679718018, 1.0, 0.0, 13.0
36, 4, 0.5592426061630249, 1.0, 0.0, 96.0
36, 11, 0.755324125289917, 1.0, 0.0, 60.0
36, 7, 0.6435863375663757, 1.0, 0.0, 52.0
36, 14, 0.7632265090942383, 1.0, 0.0, 20.0
36, 1, 0.7041225433349609, 1.0, 0.0, 40.0
36, 9, 0.6284281015396118, 1.0, 0.0, 46.0
36, 16, 0.7308246493339539, 1.0, 0.0, 49.0
36, 5, 0.7848421335220337, 1.0, 0.0, 75.0
36, 17, 0.410603404045105, 1.0, 0.0, 15.0
36, 2, 0.7081767916679382, 1.0, 0.0, 72.0
36, 19, 0.7427250742912292, 1.0, 0.0, 36.0
36, 12, 0.7487781047821045, 1.0, 0.0, 43.0
36, 3, 0.7170501351356506, 1.0, 0.0, 19.0
36, 8, 0.7589254379272461, 1.0, 0.0, 69.0
37, 11, 0.7629233598709106, 1.0, 0.0, 94.0
37, 1, 0.7117420434951782, 1.0, 0.0, 87.0
37, 3, 0.6961833238601685, 1.0, 0.0, 84.0
37, 2, 0.741747260093689, 1.0, 0.0, 71.0
37, 17, 0.4305843114852905, 1.0, 0.0, 69.0
37, 0, 0.7867287397384644, 1.0, 0.0, 32.0
37, 15, 0.5648120045661926, 1.0, 0.0, 69.0
37, 16, 0.7382967472076416, 1.0, 0.0, 32.0
37, 22, 0.7468841671943665, 1.0, 0.0, 69.0
37, 20, 0.7113947868347168, 1.0, 0.0, 39.0
37, 21, 0.7578083276748657, 1.0, 0.0, 46.0
37, 5, 0.7810919284820557, 1.0, 0.0, 36.0
37, 9, 0.6225752234458923, 1.0, 0.0, 82.0
37, 23, 0.4702480137348175, 1.0, 0.0, 98.0
37, 8, 0.751750111579895, 1.0, 0.0, 70.0
37, 12, 0.4965786933898926, 1.0, 0.0, 65.0
37, 7, 0.6654865741729736, 1.0, 0.0, 36.0
37, 13, 0.45326605439186096, 1.0, 0.0, 79.0
37, 14, 0.7679367661476135, 1.0, 0.0, 65.0
37, 4, 0.3582289516925812, 1.0, 0.0, 81.0
37, 10, 0.4276920557022095, 1.0, 0.0, 67.0
37, 6, 0.6296507716178894, 1.0, 0.0, 19.0
37, 19, 0.7620342373847961, 1.0, 0.0, 92.0
37, 18, 0.4086171090602875, 1.0, 0.0, 70.0
38, 11, 0.7643306255340576, 1.0, 0.0, 55.0
38, 18, 0.5148714184761047, 1.0, 0.0, 59.0
38, 17, 0.4200764298439026, 1.0, 0.0, 11.0
38, 8, 0.7382743954658508, 1.0, 0.0, 46.0
38, 3, 0.7060816884040833, 1.0, 0.0, 71.0
38, 1, 0.7059672474861145, 1.0, 0.0, 71.0
38, 0, 0.7779828310012817, 1.0, 0.0, 40.0
38, 15, 0.7130082249641418, 1.0, 0.0, 78.0
38, 13, 0.7420782446861267, 1.0, 0.0, 88.0
38, 10, 0.7164179086685181, 1.0, 0.0, 36.0
38, 14, 0.7617965936660767, 1.0, 0.0, 36.0
38, 4, 0.5474801659584045, 1.0, 0.0, 27.0
38, 12, 0.5744867920875549, 1.0, 0.0, 57.0
38, 16, 0.7293842434883118, 1.0, 0.0, 86.0
38, 20, 0.7004424333572388, 1.0, 0.0, 39.0
38, 9, 0.6344481706619263, 1.0, 0.0, 32.0
38, 21, 0.7475459575653076, 1.0, 0.0, 76.0
38, 19, 0.7429063320159912, 1.0, 0.0, 74.0
38, 22, 0.7276393175125122, 1.0, 0.0, 25.0
38, 2, 0.709455668926239, 1.0, 0.0, 33.0
38, 6, 0.6820333003997803, 1.0, 0.0, 68.0
38, 5, 0.7707133889198303, 1.0, 0.0, 82.0
38, 23, 0.767277717590332, 1.0, 0.0, 50.0
38, 7, 0.6514078974723816, 1.0, 0.0, 28.0
39, 8, 0.7419496178627014, 1.0, 0.0, 86.0
39, 16, 0.7320849895477295, 1.0, 0.0, 80.0
39, 3, 0.692259669303894, 1.0, 0.0, 35.0
39, 5, 0.7667015790939331, 1.0, 0.0, 12.0
39, 4, 0.5484364628791809, 1.0, 0.0, 76.0
39, 20, 0.7085660696029663, 1.0, 0.0, 84.0
39, 10, 0.705540120601654, 1.0, 0.0, 20.0
39, 12, 0.5719452500343323, 1.0, 0.0, 40.0
39, 13, 0.5958576798439026, 1.0, 0.0, 72.0
39, 23, 0.750220537185669, 1.0, 0.0, 69.0
39, 1, 0.708132803440094, 1.0, 0.0, 90.0
39, 14, 0.7573387026786804, 1.0, 0.0, 33.0
39, 17, 0.41028499603271484, 1.0, 0.0, 57.0
39, 6, 0.6158615946769714, 1.0, 0.0, 85.0
39, 2, 0.712253212928772, 1.0, 0.0, 41.0
39, 18, 0.5136900544166565, 1.0, 0.0, 77.0
39, 9, 0.6219899654388428, 1.0, 0.0, 61.0
39, 22, 0.7285557389259338, 1.0, 0.0, 25.0
39, 21, 0.7453150153160095, 1.0, 0.0, 34.0
39, 11, 0.7723988890647888, 1.0, 0.0, 72.0
39, 15, 0.7039896249771118, 1.0, 0.0, 21.0
39, 7, 0.6500082612037659, 1.0, 0.0, 47.0
39, 0, 0.7714033722877502, 1.0, 0.0, 51.0
39, 19, 0.7395521998405457, 1.0, 0.0, 65.0
40, 8, 0.751750111579895, 1.0, 0.0, 41.0
40, 21, 0.7583437561988831, 1.0, 0.0, 45.0
40, 20, 0.7134982347488403, 1.0, 0.0, 30.0
40, 16, 0.7374864816665649, 1.0, 0.0, 18.0
40, 6, 0.6320985555648804, 1.0, 0.0, 54.0
40, 7, 0.6730610728263855, 1.0, 0.0, 53.0
40, 11, 0.7612346410751343, 1.0, 0.0, 75.0
40, 13, 0.7334926724433899, 1.0, 0.0, 74.0
40, 1, 0.686316967010498, 1.0, 0.0, 61.0
40, 5, 0.7642595767974854, 1.0, 0.0, 94.0
40, 2, 0.7167292833328247, 1.0, 0.0, 38.0
40, 12, 0.7580645084381104, 1.0, 0.0, 34.0
40, 14, 0.7622171640396118, 1.0, 0.0, 49.0
40, 17, 0.44515204429626465, 1.0, 0.0, 59.0
40, 18, 0.6651841402053833, 1.0, 0.0, 46.0
40, 3, 0.7051899433135986, 1.0, 0.0, 86.0
40, 22, 0.7362536787986755, 1.0, 0.0, 94.0
40, 10, 0.7345476150512695, 1.0, 0.0, 42.0
40, 9, 0.6174749135971069, 1.0, 0.0, 70.0
40, 19, 0.7474390268325806, 1.0, 0.0, 70.0
40, 15, 0.7148425579071045, 1.0, 0.0, 60.0
40, 4, 0.6569761633872986, 1.0, 0.0, 48.0
40, 0, 0.7779026031494141, 1.0, 0.0, 58.0
40, 23, 0.7602195739746094, 1.0, 0.0, 93.0
41, 23, 0.7591412663459778, 1.0, 0.0, 90.0
41, 15, 0.7052888870239258, 1.0, 0.0, 49.0
41, 9, 0.6245819330215454, 1.0, 0.0, 68.0
41, 5, 0.7532705664634705, 1.0, 0.0, 55.0
41, 20, 0.679553210735321, 1.0, 0.0, 86.0
41, 12, 0.761681318283081, 1.0, 0.0, 100.0
41, 11, 0.7733370661735535, 1.0, 0.0, 58.0
41, 4, 0.6508558988571167, 1.0, 0.0, 91.0
41, 16, 0.7308246493339539, 1.0, 0.0, 24.0
41, 13, 0.7555319666862488, 1.0, 0.0, 20.0
41, 19, 0.7247756123542786, 1.0, 0.0, 46.0
41, 7, 0.6347768902778625, 1.0, 0.0, 15.0
41, 18, 0.5469770431518555, 1.0, 0.0, 19.0
41, 3, 0.6978776454925537, 1.0, 0.0, 20.0
41, 17, 0.387358695268631, 1.0, 0.0, 45.0
41, 14, 0.7511985898017883, 1.0, 0.0, 83.0
41, 0, 0.7696381211280823, 1.0, 0.0, 44.0
41, 21, 0.7404961585998535, 1.0, 0.0, 35.0
41, 8, 0.7379243969917297, 1.0, 0.0, 64.0
41, 6, 0.5859171152114868, 1.0, 0.0, 58.0
41, 2, 0.6885141134262085, 1.0, 0.0, 25.0
41, 10, 0.7202125191688538, 1.0, 0.0, 39.0
41, 1, 0.7077317833900452, 1.0, 0.0, 92.0
41, 22, 0.7067448496818542, 1.0, 0.0, 43.0
42, 8, 0.7604129910469055, 1.0, 0.0, 85.0
42, 19, 0.735382080078125, 1.0, 0.0, 94.0
42, 2, 0.7009031772613525, 1.0, 0.0, 14.0
42, 18, 0.6445448398590088, 1.0, 0.0, 85.0
42, 10, 0.7256092429161072, 1.0, 0.0, 64.0
42, 15, 0.7251604795455933, 1.0, 0.0, 14.0
42, 22, 0.7293804883956909, 1.0, 0.0, 86.0
42, 0, 0.7971596121788025, 1.0, 0.0, 39.0
42, 14, 0.7644040584564209, 1.0, 0.0, 28.0
42, 17, 0.446186900138855, 1.0, 0.0, 51.0
42, 12, 0.7674486637115479, 1.0, 0.0, 61.0
42, 20, 0.7293827533721924, 1.0, 0.0, 95.0
42, 16, 0.7421678304672241, 1.0, 0.0, 15.0
42, 6, 0.6207571625709534, 1.0, 0.0, 24.0
42, 7, 0.6622756719589233, 1.0, 0.0, 73.0
42, 5, 0.7928658723831177, 1.0, 0.0, 21.0
42, 11, 0.7749319672584534, 1.0, 0.0, 11.0
42, 13, 0.7411046028137207, 1.0, 0.0, 10.0
42, 1, 0.7045235633850098, 1.0, 0.0, 49.0
42, 9, 0.6137959957122803, 1.0, 0.0, 82.0
42, 23, 0.753553569316864, 1.0, 0.0, 59.0
42, 21, 0.7558450698852539, 1.0, 0.0, 43.0
42, 3, 0.6643481254577637, 1.0, 0.0, 42.0
42, 4, 0.6553505063056946, 1.0, 0.0, 97.0
43, 6, 0.6356070637702942, 1.0, 0.0, 24.0
43, 8, 0.7485124468803406, 1.0, 0.0, 26.0
43, 15, 0.7223325967788696, 1.0, 0.0, 40.0
43, 12, 0.7451612949371338, 1.0, 0.0, 12.0
43, 20, 0.7198810577392578, 1.0, 0.0, 48.0
43, 7, 0.6658982634544373, 1.0, 0.0, 23.0
43, 14, 0.7598620653152466, 1.0, 0.0, 15.0
43, 21, 0.7520078420639038, 1.0, 0.0, 88.0
43, 17, 0.44857507944107056, 1.0, 0.0, 25.0
43, 16, 0.7225422859191895, 1.0, 0.0, 35.0
43, 4, 0.5157310962677002, 1.0, 0.0, 52.0
43, 18, 0.5507296919822693, 1.0, 0.0, 66.0
43, 5, 0.805686354637146, 1.0, 0.0, 75.0
43, 3, 0.5320135354995728, 1.0, 0.0, 72.0
43, 23, 0.7381629347801208, 1.0, 0.0, 32.0
43, 11, 0.7632986307144165, 1.0, 0.0, 64.0
43, 22, 0.7414772510528564, 1.0, 0.0, 19.0
43, 10, 0.6998903751373291, 1.0, 0.0, 23.0
43, 19, 0.7350195050239563, 1.0, 0.0, 10.0
43, 13, 0.4823862612247467, 1.0, 0.0, 82.0
43, 9, 0.6103678941726685, 1.0, 0.0, 19.0
43, 0, 0.7981224656105042, 1.0, 0.0, 71.0
43, 2, 0.7200064063072205, 1.0, 0.0, 12.0
43, 1, 0.6641001105308533, 1.0, 0.0, 50.0
44, 9, 0.6142140626907349, 1.0, 0.0, 59.0
44, 7, 0.5497283339500427, 1.0, 0.0, 44.0
44, 8, 0.7446622252464294, 1.0, 0.0, 41.0
44, 20, 0.7190831899642944, 1.0, 0.0, 99.0
44, 22, 0.7073863744735718, 1.0, 0.0, 67.0
44, 12, 0.803519070148468, 1.0, 0.0, 69.0
44, 11, 0.7394689917564392, 1.0, 0.0, 51.0
44, 2, 0.6852369904518127, 1.0, 0.0, 98.0
44, 4, 0.6708424687385559, 1.0, 0.0, 70.0
44, 10, 0.7475335001945496, 1.0, 0.0, 80.0
44, 14, 0.6786105036735535, 1.0, 0.0, 47.0
44, 15, 0.703607439994812, 1.0, 0.0, 50.0
44, 16, 0.7275837063789368, 1.0, 0.0, 43.0
44, 21, 0.7345172166824341, 1.0, 0.0, 40.0
44, 6, 0.6285901069641113, 1.0, 0.0, 88.0
44, 23, 0.7816880941390991, 1.0, 0.0, 92.0
44, 17, 0.376691609621048, 1.0, 0.0, 93.0
44, 18, 0.5856150388717651, 1.0, 0.0, 73.0
44, 3, 0.5476190447807312, 1.0, 0.0, 24.0
44, 5, 0.7951334118843079, 1.0, 0.0, 24.0
44, 0, 0.7876113057136536, 1.0, 0.0, 72.0
44, 13, 0.741547167301178, 1.0, 0.0, 33.0
44, 19, 0.7153476476669312, 1.0, 0.0, 39.0
44, 1, 0.6436477303504944, 1.0, 0.0, 88.0
45, 17, 0.4331316649913788, 1.0, 0.0, 10.0
45, 8, 0.7408995628356934, 1.0, 0.0, 98.0
45, 16, 0.7333453297615051, 1.0, 0.0, 76.0
45, 14, 0.7638152837753296, 1.0, 0.0, 100.0
45, 10, 0.7374145984649658, 1.0, 0.0, 92.0
45, 7, 0.6471266150474548, 1.0, 0.0, 80.0
45, 1, 0.6993102431297302, 1.0, 0.0, 93.0
45, 2, 0.6957077980041504, 1.0, 0.0, 55.0
45, 21, 0.7343387603759766, 1.0, 0.0, 42.0
45, 20, 0.7111771702766418, 1.0, 0.0, 54.0
45, 19, 0.7159822583198547, 1.0, 0.0, 76.0
45, 18, 0.5413481593132019, 1.0, 0.0, 82.0
45, 22, 0.710868775844574, 1.0, 0.0, 72.0
45, 4, 0.648943305015564, 1.0, 0.0, 92.0
45, 13, 0.7457072138786316, 1.0, 0.0, 29.0
45, 9, 0.6206521987915039, 1.0, 0.0, 89.0
45, 12, 0.7739002704620361, 1.0, 0.0, 92.0
45, 11, 0.7637677192687988, 1.0, 0.0, 87.0
45, 6, 0.6120267510414124, 1.0, 0.0, 54.0
45, 5, 0.796180009841919, 1.0, 0.0, 86.0
45, 23, 0.7712969183921814, 1.0, 0.0, 30.0
45, 3, 0.6963616609573364, 1.0, 0.0, 90.0
45, 15, 0.703301727771759, 1.0, 0.0, 99.0
45, 0, 0.7803097367286682, 1.0, 0.0, 48.0
46, 18, 0.5536483526229858, 1.0, 0.0, 81.0
46, 16, 0.7384767532348633, 1.0, 0.0, 29.0
46, 22, 0.7017961740493774, 1.0, 0.0, 70.0
46, 4, 0.641579806804657, 1.0, 0.0, 50.0
46, 19, 0.7180672883987427, 1.0, 0.0, 74.0
46, 12, 0.7514173984527588, 1.0, 0.0, 98.0
46, 23, 0.745613157749176, 1.0, 0.0, 55.0
46, 7, 0.6407047510147095, 1.0, 0.0, 28.0
46, 9, 0.6164715886116028, 1.0, 0.0, 75.0
46, 8, 0.7334616780281067, 1.0, 0.0, 52.0
46, 2, 0.6932299733161926, 1.0, 0.0, 21.0
46, 20, 0.6827446222305298, 1.0, 0.0, 51.0
46, 0, 0.7665088772773743, 1.0, 0.0, 12.0
46, 17, 0.39818501472473145, 1.0, 0.0, 88.0
46, 15, 0.7204983234405518, 1.0, 0.0, 34.0
46, 1, 0.6936156749725342, 1.0, 0.0, 43.0
46, 3, 0.6960941553115845, 1.0, 0.0, 94.0
46, 6, 0.5975848436355591, 1.0, 0.0, 97.0
46, 14, 0.7476658821105957, 1.0, 0.0, 46.0
46, 5, 0.7749869227409363, 1.0, 0.0, 46.0
46, 11, 0.7803733944892883, 1.0, 0.0, 42.0
46, 21, 0.7388898730278015, 1.0, 0.0, 92.0
46, 10, 0.7112741470336914, 1.0, 0.0, 49.0
46, 13, 0.7319879531860352, 1.0, 0.0, 25.0
47, 18, 0.5830437541007996, 1.0, 0.0, 86.0
47, 3, 0.6903870105743408, 1.0, 0.0, 18.0
47, 21, 0.7384436726570129, 1.0, 0.0, 53.0
47, 11, 0.7550426721572876, 1.0, 0.0, 48.0
47, 2, 0.7402285933494568, 1.0, 0.0, 41.0
47, 14, 0.7528808116912842, 1.0, 0.0, 43.0
47, 6, 0.6317722201347351, 1.0, 0.0, 65.0
47, 7, 0.6697677969932556, 1.0, 0.0, 53.0
47, 10, 0.6958428025245667, 1.0, 0.0, 37.0
47, 23, 0.7315949201583862, 1.0, 0.0, 50.0
47, 13, 0.7355284094810486, 1.0, 0.0, 17.0
47, 8, 0.7374868988990784, 1.0, 0.0, 21.0
47, 1, 0.7101379632949829, 1.0, 0.0, 84.0
47, 15, 0.7339498400688171, 1.0, 0.0, 26.0
47, 12, 0.742913007736206, 1.0, 0.0, 78.0
47, 22, 0.7461510300636292, 1.0, 0.0, 13.0
47, 19, 0.7308494448661804, 1.0, 0.0, 28.0
47, 16, 0.7238926887512207, 1.0, 0.0, 13.0
47, 4, 0.6374677419662476, 1.0, 0.0, 52.0
47, 9, 0.6352843046188354, 1.0, 0.0, 52.0
47, 5, 0.7833594679832458, 1.0, 0.0, 68.0
47, 17, 0.43623626232147217, 1.0, 0.0, 24.0
47, 0, 0.7900184392929077, 1.0, 0.0, 100.0
47, 20, 0.6873141527175903, 1.0, 0.0, 73.0
48, 17, 0.39914026856422424, 1.0, 0.0, 30.0
48, 7, 0.6334595680236816, 1.0, 0.0, 73.0
48, 12, 0.5666666626930237, 1.0, 0.0, 23.0
48, 10, 0.6978666186332703, 1.0, 0.0, 33.0
48, 22, 0.7091275453567505, 1.0, 0.0, 66.0
48, 16, 0.7325351238250732, 1.0, 0.0, 85.0
48, 9, 0.6220735907554626, 1.0, 0.0, 18.0
48, 23, 0.7344378232955933, 1.0, 0.0, 85.0
48, 2, 0.6717288494110107, 1.0, 0.0, 22.0
48, 11, 0.7703348994255066, 1.0, 0.0, 26.0
48, 14, 0.7433762550354004, 1.0, 0.0, 33.0
48, 20, 0.6860811114311218, 1.0, 0.0, 50.0
48, 8, 0.7428246140480042, 1.0, 0.0, 42.0
48, 5, 0.7942612767219543, 1.0, 0.0, 67.0
48, 3, 0.6709470152854919, 1.0, 0.0, 43.0
48, 19, 0.717160701751709, 1.0, 0.0, 67.0
48, 18, 0.4954829812049866, 1.0, 0.0, 27.0
48, 6, 0.6039490699768066, 1.0, 0.0, 21.0
48, 13, 0.7320764660835266, 1.0, 0.0, 76.0
48, 0, 0.7874508500099182, 1.0, 0.0, 60.0
48, 1, 0.6916105151176453, 1.0, 0.0, 76.0
48, 4, 0.5441331267356873, 1.0, 0.0, 69.0
48, 15, 0.7077346444129944, 1.0, 0.0, 50.0
48, 21, 0.7396930456161499, 1.0, 0.0, 93.0
49, 1, 0.6573628783226013, 1.0, 0.0, 19.0
49, 9, 0.6105351448059082, 1.0, 0.0, 49.0
49, 12, 0.7600195407867432, 1.0, 0.0, 38.0
49, 21, 0.7363912463188171, 1.0, 0.0, 69.0
49, 20, 0.7115398645401001, 1.0, 0.0, 15.0
49, 3, 0.7227572798728943, 1.0, 0.0, 14.0
49, 4, 0.6461700201034546, 1.0, 0.0, 99.0
49, 11, 0.7780279517173767, 1.0, 0.0, 83.0
49, 15, 0.7106389403343201, 1.0, 0.0, 11.0
49, 13, 0.7455301880836487, 1.0, 0.0, 10.0
49, 16, 0.7441483736038208, 1.0, 0.0, 47.0
49, 8, 0.7565628290176392, 1.0, 0.0, 54.0
49, 10, 0.7301627397537231, 1.0, 0.0, 100.0
49, 2, 0.6957877278327942, 1.0, 0.0, 82.0
49, 5, 0.7867608666419983, 1.0, 0.0, 23.0
49, 0, 0.7941105961799622, 1.0, 0.0, 93.0
49, 22, 0.7062866687774658, 1.0, 0.0, 94.0
49, 18, 0.6475329995155334, 1.0, 0.0, 12.0
49, 6, 0.6232049465179443, 1.0, 0.0, 22.0
49, 17, 0.4293106198310852, 1.0, 0.0, 73.0
49, 7, 0.6569240689277649, 1.0, 0.0, 47.0
49, 23, 0.7529653906822205, 1.0, 0.0, 18.0
49, 19, 0.7085486650466919, 1.0, 0.0, 41.0
49, 14, 0.752460241317749, 1.0, 0.0, 30.0
50, 15, 0.7225618958473206, 1.0, 0.0, 100.0
50, 22, 0.7339625954627991, 1.0, 0.0, 68.0
50, 4, 0.643683671951294, 1.0, 0.0, 49.0
50, 12, 0.7452590465545654, 1.0, 0.0, 53.0
50, 21, 0.743887186050415, 1.0, 0.0, 75.0
50, 11, 0.7631109952926636, 1.0, 0.0, 80.0
50, 7, 0.6548658013343811, 1.0, 0.0, 76.0
50, 19, 0.7174326777458191, 1.0, 0.0, 42.0
50, 16, 0.730464518070221, 1.0, 0.0, 54.0
50, 0, 0.7864879965782166, 1.0, 0.0, 11.0
50, 5, 0.7896389365196228, 1.0, 0.0, 94.0
50, 3, 0.699304461479187, 1.0, 0.0, 91.0
50, 9, 0.620568573474884, 1.0, 0.0, 21.0
50, 17, 0.419598788022995, 1.0, 0.0, 73.0
50, 20, 0.6840502023696899, 1.0, 0.0, 25.0
50, 8, 0.7413370609283447, 1.0, 0.0, 74.0
50, 14, 0.7468248009681702, 1.0, 0.0, 19.0
50, 18, 0.6243224740028381, 1.0, 0.0, 39.0
50, 1, 0.6888835430145264, 1.0, 0.0, 36.0
50, 2, 0.7059387564659119, 1.0, 0.0, 26.0
50, 10, 0.7166708707809448, 1.0, 0.0, 92.0
50, 13, 0.7439369559288025, 1.0, 0.0, 76.0
50, 23, 0.7443388104438782, 1.0, 0.0, 20.0
50, 6, 0.6302219033241272, 1.0, 0.0, 70.0
