1, 1, 0.3229868412017822, 1.0, 0.0, 38.0
1, 9, 0.26739129424095154, 1.0, 0.0, 70.0
1, 16, 0.2654843330383301, 1.0, 0.0, 59.0
1, 21, 0.25432804226875305, 1.0, 0.0, 99.0
1, 4, 0.21440184116363525, 1.0, 0.0, 42.0
1, 15, 0.2574136257171631, 1.0, 0.0, 64.0
1, 13, 0.2641175389289856, 1.0, 0.0, 61.0
1, 5, 0.281440794467926, 1.0, 0.0, 33.0
1, 18, 0.21883252263069153, 1.0, 0.0, 49.0
1, 3, 0.2862493395805359, 1.0, 0.0, 51.0
1, 20, 0.2587219774723053, 1.0, 0.0, 69.0
1, 8, 0.2735386788845062, 1.0, 0.0, 63.0
1, 6, 0.22323760390281677, 1.0, 0.0, 85.0
1, 7, 0.22114276885986328, 1.0, 0.0, 36.0
1, 17, 0.27829962968826294, 1.0, 0.0, 54.0
1, 2, 0.2533770203590393, 1.0, 0.0, 17.0
1, 0, 0.19577950239181519, 1.0, 0.0, 38.0
1, 22, 0.304068922996521, 1.0, 0.0, 51.0
1, 19, 0.28501495718955994, 1.0, 0.0, 12.0
1, 14, 0.2572966516017914, 1.0, 0.0, 84.0
1, 11, 0.2746974527835846, 1.0, 0.0, 67.0
1, 23, 0.23997646570205688, 1.0, 0.0, 96.0
1, 12, 0.22805474698543549, 1.0, 0.0, 75.0
1, 10, 0.23830002546310425, 1.0, 0.0, 64.0
2, 17, 0.3808310925960541, 1.0, 0.0, 55.0
2, 0, 0.7251865267753601, 1.0, 0.0, 56.0
2, 22, 0.6511180400848389, 1.0, 0.0, 67.0
2, 11, 0.7116051912307739, 1.0, 0.0, 65.0
2, 12, 0.4963831901550293, 1.0, 0.0, 68.0
2, 8, 0.7173608541488647, 1.0, 0.0, 38.0
2, 20, 0.6456807255744934, 1.0, 0.0, 57.0
2, 15, 0.5209416151046753, 1.0, 0.0, 81.0
2, 7, 0.6410340666770935, 1.0, 0.0, 64.0
2, 2, 0.6944289207458496, 1.0, 0.0, 51.0
2, 23, 0.49544161558151245, 1.0, 0.0, 40.0
2, 1, 0.6914501190185547, 1.0, 0.0, 14.0
2, 18, 0.4217512309551239, 1.0, 0.0, 78.0
2, 19, 0.6711993217468262, 1.0, 0.0, 74.0
2, 21, 0.7102445363998413, 1.0, 0.0, 15.0
2, 16, 0.7075981497764587, 1.0, 0.0, 21.0
2, 3, 0.7022472023963928, 1.0, 0.0, 77.0
2, 5, 0.7189952731132507, 1.0, 0.0, 59.0
2, 10, 0.44253310561180115, 1.0, 0.0, 83.0
2, 6, 0.5636423230171204, 1.0, 0.0, 35.0
2, 13, 0.4307841956615448, 1.0, 0.0, 91.0
2, 4, 0.36377546191215515, 1.0, 0.0, 73.0
2, 9, 0.6577759385108948, 1.0, 0.0, 84.0
2, 14, 0.7484229207038879, 1.0, 0.0, 89.0
3, 10, 0.4296315014362335, 1.0, 0.0, 86.0
3, 1, 0.6277670860290527, 1.0, 0.0, 63.0
3, 20, 0.6353086233139038, 1.0, 0.0, 19.0
3, 9, 0.61948162317276, 1.0, 0.0, 22.0
3, 11, 0.6865559816360474, 1.0, 0.0, 56.0
3, 4, 0.34378886222839355, 1.0, 0.0, 29.0
3, 8, 0.6809590458869934, 1.0, 0.0, 63.0
3, 2, 0.6619774699211121, 1.0, 0.0, 56.0
3, 14, 0.732273519039154, 1.0, 0.0, 57.0
3, 16, 0.6941843628883362, 1.0, 0.0, 25.0
3, 13, 0.416533887386322, 1.0, 0.0, 18.0
3, 15, 0.4648425579071045, 1.0, 0.0, 50.0
3, 22, 0.5915505886077881, 1.0, 0.0, 67.0
3, 17, 0.34277981519699097, 1.0, 0.0, 82.0
3, 3, 0.677724301815033, 1.0, 0.0, 35.0
3, 7, 0.611806333065033, 1.0, 0.0, 75.0
3, 12, 0.4894428253173828, 1.0, 0.0, 96.0
3, 19, 0.6306771636009216, 1.0, 0.0, 95.0
3, 6, 0.6063152551651001, 1.0, 0.0, 89.0
3, 5, 0.70277339220047, 1.0, 0.0, 64.0
3, 23, 0.4846583604812622, 1.0, 0.0, 21.0
3, 18, 0.3958999216556549, 1.0, 0.0, 80.0
3, 21, 0.6770480275154114, 1.0, 0.0, 68.0
3, 0, 0.7166011333465576, 1.0, 0.0, 84.0
4, 10, 0.5503836870193481, 1.0, 0.0, 89.0
4, 22, 0.5838526487350464, 1.0, 0.0, 63.0
4, 20, 0.6354537010192871, 1.0, 0.0, 49.0
4, 6, 0.5977480411529541, 1.0, 0.0, 49.0
4, 2, 0.6459915041923523, 1.0, 0.0, 30.0
4, 12, 0.49990224838256836, 1.0, 0.0, 29.0
4, 0, 0.7212548851966858, 1.0, 0.0, 57.0
4, 17, 0.3458048105239868, 1.0, 0.0, 42.0
4, 3, 0.6692526936531067, 1.0, 0.0, 63.0
4, 7, 0.5992919206619263, 1.0, 0.0, 57.0
4, 9, 0.6095317602157593, 1.0, 0.0, 24.0
4, 18, 0.3768589198589325, 1.0, 0.0, 28.0
4, 1, 0.618944525718689, 1.0, 0.0, 32.0
4, 8, 0.661620557308197, 1.0, 0.0, 88.0
4, 23, 0.47916871309280396, 1.0, 0.0, 84.0
4, 5, 0.7069597244262695, 1.0, 0.0, 78.0
4, 11, 0.6801763772964478, 1.0, 0.0, 44.0
4, 15, 0.44642311334609985, 1.0, 0.0, 60.0
4, 16, 0.6963449716567993, 1.0, 0.0, 83.0
4, 21, 0.6625914573669434, 1.0, 0.0, 34.0
4, 4, 0.3360428512096405, 1.0, 0.0, 50.0
4, 19, 0.6221557259559631, 1.0, 0.0, 99.0
4, 14, 0.7209184765815735, 1.0, 0.0, 50.0
4, 13, 0.42131349444389343, 1.0, 0.0, 41.0
5, 23, 0.5047544240951538, 1.0, 0.0, 47.0
5, 11, 0.6866497993469238, 1.0, 0.0, 76.0
5, 15, 0.4666004180908203, 1.0, 0.0, 16.0
5, 13, 0.4305186867713928, 1.0, 0.0, 15.0
5, 22, 0.6041055917739868, 1.0, 0.0, 31.0
5, 9, 0.6165551543235779, 1.0, 0.0, 23.0
5, 6, 0.6117819547653198, 1.0, 0.0, 61.0
5, 16, 0.7006661891937256, 1.0, 0.0, 82.0
5, 5, 0.7182103395462036, 1.0, 0.0, 94.0
5, 21, 0.6782081127166748, 1.0, 0.0, 16.0
5, 17, 0.34898900985717773, 1.0, 0.0, 78.0
5, 0, 0.7340928912162781, 1.0, 0.0, 87.0
5, 14, 0.7312641739845276, 1.0, 0.0, 44.0
5, 3, 0.6769217252731323, 1.0, 0.0, 56.0
5, 19, 0.6498050689697266, 1.0, 0.0, 67.0
5, 1, 0.6336220502853394, 1.0, 0.0, 27.0
5, 7, 0.6109007000923157, 1.0, 0.0, 83.0
5, 18, 0.38519805669784546, 1.0, 0.0, 81.0
5, 4, 0.34531891345977783, 1.0, 0.0, 42.0
5, 10, 0.5524917840957642, 1.0, 0.0, 100.0
5, 2, 0.6645352244377136, 1.0, 0.0, 25.0
5, 12, 0.5052785873413086, 1.0, 0.0, 85.0
5, 20, 0.6478566527366638, 1.0, 0.0, 61.0
5, 8, 0.6741337180137634, 1.0, 0.0, 46.0
6, 17, 0.42915141582489014, 1.0, 0.0, 62.0
6, 18, 0.39993050694465637, 1.0, 0.0, 49.0
6, 14, 0.742451012134552, 1.0, 0.0, 63.0
6, 12, 0.5118279457092285, 1.0, 0.0, 27.0
6, 5, 0.734345018863678, 1.0, 0.0, 46.0
6, 8, 0.6973223686218262, 1.0, 0.0, 42.0
6, 19, 0.6729217767715454, 1.0, 0.0, 78.0
6, 23, 0.4978923499584198, 1.0, 0.0, 42.0
6, 2, 0.6868355870246887, 1.0, 0.0, 94.0
6, 10, 0.4285352826118469, 1.0, 0.0, 25.0
6, 13, 0.4358293414115906, 1.0, 0.0, 45.0
6, 0, 0.7443633079528809, 1.0, 0.0, 52.0
6, 16, 0.7077781558036804, 1.0, 0.0, 32.0
6, 11, 0.7003471255302429, 1.0, 0.0, 71.0
6, 9, 0.6231605410575867, 1.0, 0.0, 10.0
6, 3, 0.6907436847686768, 1.0, 0.0, 63.0
6, 20, 0.6582287549972534, 1.0, 0.0, 25.0
6, 1, 0.6571222543716431, 1.0, 0.0, 10.0
6, 21, 0.6982866525650024, 1.0, 0.0, 12.0
6, 15, 0.49663710594177246, 1.0, 0.0, 60.0
6, 4, 0.35698574781417847, 1.0, 0.0, 13.0
6, 7, 0.6335418820381165, 1.0, 0.0, 56.0
6, 22, 0.6329728960990906, 1.0, 0.0, 99.0
6, 6, 0.6328328847885132, 1.0, 0.0, 32.0
7, 19, 0.6609554886817932, 1.0, 0.0, 28.0
7, 23, 0.49318695068359375, 1.0, 0.0, 77.0
7, 11, 0.6858054399490356, 1.0, 0.0, 53.0
7, 5, 0.7166405320167542, 1.0, 0.0, 87.0
7, 15, 0.4826505780220032, 1.0, 0.0, 40.0
7, 18, 0.39715078473091125, 1.0, 0.0, 76.0
7, 0, 0.7320869565010071, 1.0, 0.0, 89.0
7, 1, 0.6419634222984314, 1.0, 0.0, 81.0
7, 17, 0.46967044472694397, 1.0, 0.0, 65.0
7, 4, 0.35928085446357727, 1.0, 0.0, 76.0
7, 2, 0.6681320667266846, 1.0, 0.0, 10.0
7, 6, 0.6172487139701843, 1.0, 0.0, 57.0
7, 10, 0.42280125617980957, 1.0, 0.0, 43.0
7, 9, 0.6151337623596191, 1.0, 0.0, 65.0
7, 8, 0.6858593225479126, 1.0, 0.0, 89.0
7, 14, 0.7305912971496582, 1.0, 0.0, 72.0
7, 20, 0.6528614163398743, 1.0, 0.0, 56.0
7, 13, 0.42388033866882324, 1.0, 0.0, 32.0
7, 16, 0.6970651745796204, 1.0, 0.0, 14.0
7, 12, 0.5082111358642578, 1.0, 0.0, 39.0
7, 21, 0.6909691095352173, 1.0, 0.0, 28.0
7, 22, 0.6125366687774658, 1.0, 0.0, 56.0
7, 7, 0.6184751987457275, 1.0, 0.0, 76.0
7, 3, 0.677724301815033, 1.0, 0.0, 98.0
8, 15, 0.5038214325904846, 1.0, 0.0, 64.0
8, 20, 0.6643940210342407, 1.0, 0.0, 92.0
8, 3, 0.6863741874694824, 1.0, 0.0, 68.0
8, 1, 0.6594482064247131, 1.0, 0.0, 30.0
8, 2, 0.6844376921653748, 1.0, 0.0, 61.0
8, 23, 0.7054210305213928, 1.0, 0.0, 45.0
8, 4, 0.37008702754974365, 1.0, 0.0, 35.0
8, 17, 0.48702436685562134, 1.0, 0.0, 32.0
8, 13, 0.4365374445915222, 1.0, 0.0, 35.0
8, 10, 0.5606712102890015, 1.0, 0.0, 44.0
8, 19, 0.6843441128730774, 1.0, 0.0, 63.0
8, 12, 0.5087976455688477, 1.0, 0.0, 37.0
8, 21, 0.7043548226356506, 1.0, 0.0, 57.0
8, 14, 0.7458154559135437, 1.0, 0.0, 55.0
8, 5, 0.7336472868919373, 1.0, 0.0, 32.0
8, 22, 0.647818922996521, 1.0, 0.0, 59.0
8, 9, 0.620568573474884, 1.0, 0.0, 94.0
8, 7, 0.6360942125320435, 1.0, 0.0, 87.0
8, 0, 0.7411538362503052, 1.0, 0.0, 30.0
8, 8, 0.7053727507591248, 1.0, 0.0, 55.0
8, 18, 0.4157748520374298, 1.0, 0.0, 60.0
8, 16, 0.7016564607620239, 1.0, 0.0, 18.0
8, 11, 0.6929355263710022, 1.0, 0.0, 44.0
8, 6, 0.6289164423942566, 1.0, 0.0, 57.0
9, 13, 0.4417596161365509, 1.0, 0.0, 90.0
9, 22, 0.6471773982048035, 1.0, 0.0, 98.0
9, 16, 0.7010262608528137, 1.0, 0.0, 60.0
9, 19, 0.6807180047035217, 1.0, 0.0, 16.0
9, 0, 0.7391479015350342, 1.0, 0.0, 23.0
9, 21, 0.7126539349555969, 1.0, 0.0, 99.0
9, 5, 0.7280656099319458, 1.0, 0.0, 78.0
9, 15, 0.508636474609375, 1.0, 0.0, 33.0
9, 10, 0.4562779366970062, 1.0, 0.0, 34.0
9, 6, 0.624836802482605, 1.0, 0.0, 71.0
9, 3, 0.6883360147476196, 1.0, 0.0, 14.0
9, 8, 0.7037976980209351, 1.0, 0.0, 80.0
9, 4, 0.3679831624031067, 1.0, 0.0, 72.0
9, 11, 0.6873065233230591, 1.0, 0.0, 83.0
9, 23, 0.6574845314025879, 1.0, 0.0, 10.0
9, 1, 0.6671478748321533, 1.0, 0.0, 45.0
9, 12, 0.5107526779174805, 1.0, 0.0, 58.0
9, 7, 0.6379877924919128, 1.0, 0.0, 59.0
9, 20, 0.671284556388855, 1.0, 0.0, 83.0
9, 2, 0.6881144642829895, 1.0, 0.0, 73.0
9, 17, 0.46139150857925415, 1.0, 0.0, 51.0
9, 14, 0.7443855404853821, 1.0, 0.0, 54.0
9, 18, 0.41938847303390503, 1.0, 0.0, 36.0
9, 9, 0.6247491836547852, 1.0, 0.0, 61.0
10, 9, 0.6308528184890747, 1.0, 0.0, 24.0
10, 12, 0.5145649909973145, 1.0, 0.0, 62.0
10, 21, 0.7175620198249817, 1.0, 0.0, 55.0
10, 0, 0.7372221946716309, 1.0, 0.0, 71.0
10, 14, 0.7469089031219482, 1.0, 0.0, 66.0
10, 6, 0.6194517016410828, 1.0, 0.0, 10.0
10, 3, 0.6920813322067261, 1.0, 0.0, 61.0
10, 10, 0.6442364454269409, 1.0, 0.0, 45.0
10, 16, 0.7029168009757996, 1.0, 0.0, 97.0
10, 11, 0.6919973492622375, 1.0, 0.0, 78.0
10, 13, 0.4476013481616974, 1.0, 0.0, 52.0
10, 7, 0.643833339214325, 1.0, 0.0, 66.0
10, 15, 0.5168908834457397, 1.0, 0.0, 85.0
10, 19, 0.6869730949401855, 1.0, 0.0, 13.0
10, 2, 0.696267306804657, 1.0, 0.0, 37.0
10, 17, 0.4312211573123932, 1.0, 0.0, 90.0
10, 4, 0.36941760778427124, 1.0, 0.0, 54.0
10, 18, 0.42904794216156006, 1.0, 0.0, 43.0
10, 22, 0.6464442610740662, 1.0, 0.0, 39.0
10, 5, 0.7248386740684509, 1.0, 0.0, 65.0
10, 1, 0.6693134307861328, 1.0, 0.0, 46.0
10, 23, 0.7186550498008728, 1.0, 0.0, 36.0
10, 20, 0.6638862490653992, 1.0, 0.0, 48.0
10, 8, 0.7138606905937195, 1.0, 0.0, 39.0
11, 0, 0.7433202266693115, 1.0, 0.0, 76.0
11, 2, 0.6953880786895752, 1.0, 0.0, 95.0
11, 15, 0.5167379975318909, 1.0, 0.0, 85.0
11, 18, 0.43154969811439514, 1.0, 0.0, 54.0
11, 23, 0.7171846032142639, 1.0, 0.0, 18.0
11, 6, 0.6232865452766418, 1.0, 0.0, 44.0
11, 5, 0.726582944393158, 1.0, 0.0, 94.0
11, 19, 0.690780520439148, 1.0, 0.0, 89.0
11, 8, 0.7165733575820923, 1.0, 0.0, 72.0
11, 7, 0.6472089290618896, 1.0, 0.0, 87.0
11, 9, 0.6367893218994141, 1.0, 0.0, 36.0
11, 1, 0.6754090189933777, 1.0, 0.0, 48.0
11, 10, 0.5755122900009155, 1.0, 0.0, 42.0
11, 12, 0.5158357620239258, 1.0, 0.0, 67.0
11, 16, 0.7069679498672485, 1.0, 0.0, 41.0
11, 4, 0.36731377243995667, 1.0, 0.0, 82.0
11, 3, 0.6911895871162415, 1.0, 0.0, 42.0
11, 22, 0.6495600938796997, 1.0, 0.0, 100.0
11, 14, 0.7514508962631226, 1.0, 0.0, 28.0
11, 17, 0.40471261739730835, 1.0, 0.0, 70.0
11, 21, 0.7112261056900024, 1.0, 0.0, 91.0
11, 11, 0.6957500576972961, 1.0, 0.0, 73.0
11, 20, 0.6715021133422852, 1.0, 0.0, 60.0
11, 13, 0.44848644733428955, 1.0, 0.0, 43.0
12, 9, 0.6408863067626953, 1.0, 0.0, 95.0
12, 20, 0.6609124541282654, 1.0, 0.0, 79.0
12, 17, 0.40781721472740173, 1.0, 0.0, 51.0
12, 1, 0.6695540547370911, 1.0, 0.0, 34.0
12, 13, 0.49212250113487244, 1.0, 0.0, 34.0
12, 8, 0.716398298740387, 1.0, 0.0, 39.0
12, 5, 0.7338217496871948, 1.0, 0.0, 15.0
12, 18, 0.43335649371147156, 1.0, 0.0, 53.0
12, 11, 0.7037245631217957, 1.0, 0.0, 53.0
12, 15, 0.6287068128585815, 1.0, 0.0, 72.0
12, 22, 0.6612903475761414, 1.0, 0.0, 35.0
12, 14, 0.7494322657585144, 1.0, 0.0, 30.0
12, 7, 0.6495965719223022, 1.0, 0.0, 48.0
12, 3, 0.6927055716514587, 1.0, 0.0, 65.0
12, 2, 0.6984254121780396, 1.0, 0.0, 67.0
12, 12, 0.5175952911376953, 1.0, 0.0, 94.0
12, 6, 0.6282637119293213, 1.0, 0.0, 94.0
12, 0, 0.7503811120986938, 1.0, 0.0, 76.0
12, 23, 0.7173806428909302, 1.0, 0.0, 85.0
12, 16, 0.7084083557128906, 1.0, 0.0, 87.0
12, 19, 0.7017496228218079, 1.0, 0.0, 12.0
12, 21, 0.7135463356971741, 1.0, 0.0, 16.0
12, 4, 0.45127665996551514, 1.0, 0.0, 67.0
12, 10, 0.7054557800292969, 1.0, 0.0, 40.0
13, 4, 0.5117146372795105, 1.0, 0.0, 34.0
13, 14, 0.7601143717765808, 1.0, 0.0, 24.0
13, 18, 0.49854063987731934, 1.0, 0.0, 37.0
13, 23, 0.7804136872291565, 1.0, 0.0, 94.0
13, 16, 0.7169607281684875, 1.0, 0.0, 14.0
13, 0, 0.7584048509597778, 1.0, 0.0, 80.0
13, 10, 0.711442768573761, 1.0, 0.0, 71.0
13, 13, 0.49929189682006836, 1.0, 0.0, 62.0
13, 15, 0.7005503177642822, 1.0, 0.0, 39.0
13, 6, 0.6543733477592468, 1.0, 0.0, 27.0
13, 9, 0.6530936360359192, 1.0, 0.0, 96.0
13, 5, 0.7535321712493896, 1.0, 0.0, 54.0
13, 12, 0.7477028369903564, 1.0, 0.0, 74.0
13, 17, 0.43018627166748047, 1.0, 0.0, 44.0
13, 19, 0.7255008816719055, 1.0, 0.0, 86.0
13, 7, 0.6663922071456909, 1.0, 0.0, 42.0
13, 22, 0.6847507357597351, 1.0, 0.0, 12.0
13, 21, 0.7287167310714722, 1.0, 0.0, 92.0
13, 20, 0.6820192933082581, 1.0, 0.0, 14.0
13, 3, 0.7126805782318115, 1.0, 0.0, 38.0
13, 8, 0.7392369508743286, 1.0, 0.0, 13.0
13, 2, 0.7291982769966125, 1.0, 0.0, 52.0
13, 11, 0.7217375040054321, 1.0, 0.0, 61.0
13, 1, 0.6862367391586304, 1.0, 0.0, 10.0
14, 15, 0.695353090763092, 1.0, 0.0, 18.0
14, 11, 0.7190167903900146, 1.0, 0.0, 55.0
14, 18, 0.6036136150360107, 1.0, 0.0, 85.0
14, 20, 0.6858634948730469, 1.0, 0.0, 84.0
14, 14, 0.758516252040863, 1.0, 0.0, 63.0
14, 12, 0.7728250026702881, 1.0, 0.0, 85.0
14, 2, 0.7165694236755371, 1.0, 0.0, 70.0
14, 21, 0.7211315631866455, 1.0, 0.0, 34.0
14, 16, 0.7152502536773682, 1.0, 0.0, 97.0
14, 6, 0.6427872180938721, 1.0, 0.0, 76.0
14, 7, 0.6580767035484314, 1.0, 0.0, 94.0
14, 3, 0.7059033513069153, 1.0, 0.0, 19.0
14, 10, 0.7044438719749451, 1.0, 0.0, 14.0
14, 1, 0.6821463108062744, 1.0, 0.0, 93.0
14, 22, 0.674211859703064, 1.0, 0.0, 83.0
14, 13, 0.725438117980957, 1.0, 0.0, 100.0
14, 19, 0.7160728573799133, 1.0, 0.0, 24.0
14, 5, 0.7525728344917297, 1.0, 0.0, 28.0
14, 8, 0.7355617880821228, 1.0, 0.0, 26.0
14, 0, 0.757923424243927, 1.0, 0.0, 11.0
14, 9, 0.6453177332878113, 1.0, 0.0, 43.0
14, 4, 0.6066749691963196, 1.0, 0.0, 81.0
14, 23, 0.7787472009658813, 1.0, 0.0, 81.0
14, 17, 0.4336889088153839, 1.0, 0.0, 82.0
15, 10, 0.7098406553268433, 1.0, 0.0, 34.0
15, 8, 0.7307490110397339, 1.0, 0.0, 56.0
15, 3, 0.7026038765907288, 1.0, 0.0, 67.0
15, 14, 0.7569181323051453, 1.0, 0.0, 33.0
15, 19, 0.7092738747596741, 1.0, 0.0, 23.0
15, 15, 0.6932895183563232, 1.0, 0.0, 77.0
15, 5, 0.7439386248588562, 1.0, 0.0, 82.0
15, 9, 0.6496655344963074, 1.0, 0.0, 57.0
15, 4, 0.6319211721420288, 1.0, 0.0, 22.0
15, 20, 0.6918836832046509, 1.0, 0.0, 97.0
15, 22, 0.663581371307373, 1.0, 0.0, 75.0
15, 18, 0.655872106552124, 1.0, 0.0, 32.0
15, 12, 0.7766373157501221, 1.0, 0.0, 33.0
15, 17, 0.4316987693309784, 1.0, 0.0, 71.0
15, 0, 0.7549546360969543, 1.0, 0.0, 48.0
15, 11, 0.7214560508728027, 1.0, 0.0, 86.0
15, 16, 0.7156103849411011, 1.0, 0.0, 40.0
15, 23, 0.7789432406425476, 1.0, 0.0, 65.0
15, 21, 0.7136355638504028, 1.0, 0.0, 28.0
15, 2, 0.7097753882408142, 1.0, 0.0, 45.0
15, 7, 0.6549481153488159, 1.0, 0.0, 65.0
15, 1, 0.6897658109664917, 1.0, 0.0, 73.0
15, 6, 0.636178195476532, 1.0, 0.0, 93.0
15, 13, 0.7311028242111206, 1.0, 0.0, 82.0
16, 13, 0.7132235765457153, 1.0, 0.0, 85.0
16, 6, 0.6342199444770813, 1.0, 0.0, 33.0
16, 14, 0.754478931427002, 1.0, 0.0, 84.0
16, 22, 0.6710044145584106, 1.0, 0.0, 55.0
16, 0, 0.7555965781211853, 1.0, 0.0, 56.0
16, 3, 0.7006420493125916, 1.0, 0.0, 37.0
16, 11, 0.7199549674987793, 1.0, 0.0, 83.0
16, 10, 0.6968547105789185, 1.0, 0.0, 82.0
16, 7, 0.6492672562599182, 1.0, 0.0, 13.0
16, 17, 0.4098869562149048, 1.0, 0.0, 65.0
16, 5, 0.7394906878471375, 1.0, 0.0, 43.0
16, 4, 0.5320837497711182, 1.0, 0.0, 48.0
16, 9, 0.64673912525177, 1.0, 0.0, 16.0
16, 21, 0.7162234783172607, 1.0, 0.0, 83.0
16, 19, 0.7110869288444519, 1.0, 0.0, 40.0
16, 1, 0.6921719312667847, 1.0, 0.0, 90.0
16, 23, 0.7645328640937805, 1.0, 0.0, 76.0
16, 20, 0.6872416138648987, 1.0, 0.0, 44.0
16, 12, 0.7629520893096924, 1.0, 0.0, 29.0
16, 18, 0.5556636452674866, 1.0, 0.0, 77.0
16, 15, 0.6849587559700012, 1.0, 0.0, 16.0
16, 16, 0.7184011340141296, 1.0, 0.0, 59.0
16, 8, 0.7247987389564514, 1.0, 0.0, 84.0
16, 2, 0.7043401598930359, 1.0, 0.0, 37.0
17, 1, 0.7009945511817932, 1.0, 0.0, 70.0
17, 22, 0.6808100938796997, 1.0, 0.0, 87.0
17, 23, 0.7736496329307556, 1.0, 0.0, 82.0
17, 5, 0.740362823009491, 1.0, 0.0, 39.0
17, 11, 0.719485878944397, 1.0, 0.0, 44.0
17, 14, 0.7564135193824768, 1.0, 0.0, 85.0
17, 3, 0.7064383625984192, 1.0, 0.0, 86.0
17, 6, 0.6345463395118713, 1.0, 0.0, 72.0
17, 2, 0.7124930024147034, 1.0, 0.0, 70.0
17, 12, 0.7728250026702881, 1.0, 0.0, 71.0
17, 20, 0.6949300169944763, 1.0, 0.0, 18.0
17, 21, 0.7227378487586975, 1.0, 0.0, 21.0
17, 18, 0.5808200240135193, 1.0, 0.0, 81.0
17, 15, 0.6913023591041565, 1.0, 0.0, 24.0
17, 9, 0.6468227505683899, 1.0, 0.0, 96.0
17, 10, 0.7176827788352966, 1.0, 0.0, 68.0
17, 7, 0.6593940258026123, 1.0, 0.0, 23.0
17, 19, 0.7153476476669312, 1.0, 0.0, 74.0
17, 4, 0.600267767906189, 1.0, 0.0, 18.0
17, 8, 0.729436457157135, 1.0, 0.0, 21.0
17, 0, 0.7555163502693176, 1.0, 0.0, 93.0
17, 13, 0.7271198630332947, 1.0, 0.0, 80.0
17, 17, 0.4206336438655853, 1.0, 0.0, 18.0
17, 16, 0.7224522829055786, 1.0, 0.0, 51.0
18, 12, 0.767937421798706, 1.0, 0.0, 79.0
18, 4, 0.6257052421569824, 1.0, 0.0, 29.0
18, 8, 0.7390619516372681, 1.0, 0.0, 12.0
18, 17, 0.4300270676612854, 1.0, 0.0, 30.0
18, 15, 0.7011617422103882, 1.0, 0.0, 91.0
18, 0, 0.7576025128364563, 1.0, 0.0, 41.0
18, 9, 0.6489966511726379, 1.0, 0.0, 78.0
18, 7, 0.6635106205940247, 1.0, 0.0, 42.0
18, 21, 0.7268427610397339, 1.0, 0.0, 49.0
18, 18, 0.5927727818489075, 1.0, 0.0, 21.0
18, 1, 0.7058870792388916, 1.0, 0.0, 48.0
18, 19, 0.7259541153907776, 1.0, 0.0, 57.0
18, 23, 0.7671796679496765, 1.0, 0.0, 16.0
18, 14, 0.7578433752059937, 1.0, 0.0, 19.0
18, 20, 0.6962355971336365, 1.0, 0.0, 93.0
18, 10, 0.7181887030601501, 1.0, 0.0, 78.0
18, 13, 0.7258806824684143, 1.0, 0.0, 69.0
18, 22, 0.6927236318588257, 1.0, 0.0, 12.0
18, 11, 0.7278356552124023, 1.0, 0.0, 86.0
18, 2, 0.7166493535041809, 1.0, 0.0, 73.0
18, 5, 0.7412349581718445, 1.0, 0.0, 72.0
18, 6, 0.6420528888702393, 1.0, 0.0, 65.0
18, 3, 0.7133939862251282, 1.0, 0.0, 94.0
18, 16, 0.7276737689971924, 1.0, 0.0, 51.0
19, 1, 0.6981873512268066, 1.0, 0.0, 60.0
19, 5, 0.7149834036827087, 1.0, 0.0, 82.0
19, 13, 0.7185342311859131, 1.0, 0.0, 95.0
19, 22, 0.678519070148468, 1.0, 0.0, 28.0
19, 9, 0.642474889755249, 1.0, 0.0, 71.0
19, 7, 0.6554421186447144, 1.0, 0.0, 56.0
19, 12, 0.7493646144866943, 1.0, 0.0, 94.0
19, 23, 0.748259961605072, 1.0, 0.0, 68.0
19, 8, 0.7261112928390503, 1.0, 0.0, 29.0
19, 11, 0.7278356552124023, 1.0, 0.0, 14.0
19, 19, 0.7096364498138428, 1.0, 0.0, 14.0
19, 15, 0.6935188174247742, 1.0, 0.0, 46.0
19, 4, 0.6119346022605896, 1.0, 0.0, 48.0
19, 21, 0.7158665060997009, 1.0, 0.0, 53.0
19, 10, 0.7041909098625183, 1.0, 0.0, 58.0
19, 18, 0.5753300786018372, 1.0, 0.0, 78.0
19, 0, 0.758806049823761, 1.0, 0.0, 34.0
19, 6, 0.6343015432357788, 1.0, 0.0, 54.0
19, 17, 0.426922470331192, 1.0, 0.0, 88.0
19, 14, 0.7442173361778259, 1.0, 0.0, 78.0
19, 3, 0.7019796967506409, 1.0, 0.0, 100.0
19, 16, 0.7292041778564453, 1.0, 0.0, 99.0
19, 20, 0.6859360337257385, 1.0, 0.0, 30.0
19, 2, 0.7073774933815002, 1.0, 0.0, 42.0
20, 8, 0.72602379322052, 1.0, 0.0, 28.0
20, 14, 0.7459836602210999, 1.0, 0.0, 44.0
20, 4, 0.6365114450454712, 1.0, 0.0, 72.0
20, 2, 0.7041803002357483, 1.0, 0.0, 82.0
20, 1, 0.6916907429695129, 1.0, 0.0, 60.0
20, 10, 0.7149844169616699, 1.0, 0.0, 62.0
20, 21, 0.7167589068412781, 1.0, 0.0, 87.0
20, 23, 0.7533575296401978, 1.0, 0.0, 21.0
20, 0, 0.7584851384162903, 1.0, 0.0, 78.0
20, 22, 0.6670637726783752, 1.0, 0.0, 30.0
20, 19, 0.7014776468276978, 1.0, 0.0, 62.0
20, 18, 0.5879082679748535, 1.0, 0.0, 92.0
20, 9, 0.641387939453125, 1.0, 0.0, 33.0
20, 5, 0.7222222089767456, 1.0, 0.0, 20.0
20, 6, 0.6321801543235779, 1.0, 0.0, 67.0
20, 11, 0.7242705821990967, 1.0, 0.0, 53.0
20, 3, 0.7071517705917358, 1.0, 0.0, 91.0
20, 12, 0.7646138668060303, 1.0, 0.0, 49.0
20, 13, 0.7181801795959473, 1.0, 0.0, 74.0
20, 20, 0.6913759112358093, 1.0, 0.0, 36.0
20, 15, 0.6906144618988037, 1.0, 0.0, 49.0
20, 7, 0.6555244326591492, 1.0, 0.0, 38.0
20, 16, 0.7277637720108032, 1.0, 0.0, 33.0
20, 17, 0.4169718325138092, 1.0, 0.0, 43.0
21, 7, 0.6644986271858215, 1.0, 0.0, 46.0
21, 0, 0.7603305578231812, 1.0, 0.0, 79.0
21, 23, 0.7552200555801392, 1.0, 0.0, 34.0
21, 6, 0.6371573209762573, 1.0, 0.0, 98.0
21, 9, 0.6411371231079102, 1.0, 0.0, 48.0
21, 18, 0.6598331928253174, 1.0, 0.0, 51.0
21, 15, 0.6954295039176941, 1.0, 0.0, 82.0
21, 17, 0.42413628101348877, 1.0, 0.0, 88.0
21, 16, 0.7328051924705505, 1.0, 0.0, 16.0
21, 12, 0.7685239315032959, 1.0, 0.0, 67.0
21, 2, 0.710654616355896, 1.0, 0.0, 39.0
21, 22, 0.6787939667701721, 1.0, 0.0, 20.0
21, 8, 0.7319741249084473, 1.0, 0.0, 54.0
21, 20, 0.6997896432876587, 1.0, 0.0, 31.0
21, 19, 0.7087299227714539, 1.0, 0.0, 73.0
21, 4, 0.633929431438446, 1.0, 0.0, 30.0
21, 1, 0.6951395869255066, 1.0, 0.0, 72.0
21, 3, 0.7076868414878845, 1.0, 0.0, 33.0
21, 5, 0.7279783487319946, 1.0, 0.0, 92.0
21, 14, 0.7525443434715271, 1.0, 0.0, 17.0
21, 10, 0.7165022492408752, 1.0, 0.0, 17.0
21, 21, 0.7227378487586975, 1.0, 0.0, 10.0
21, 11, 0.7296181917190552, 1.0, 0.0, 44.0
21, 13, 0.7199504375457764, 1.0, 0.0, 57.0
22, 22, 0.6702712774276733, 1.0, 0.0, 33.0
22, 20, 0.6959454417228699, 1.0, 0.0, 41.0
22, 11, 0.7256778478622437, 1.0, 0.0, 23.0
22, 3, 0.7049224376678467, 1.0, 0.0, 32.0
22, 12, 0.7563049793243408, 1.0, 0.0, 75.0
22, 4, 0.6304867267608643, 1.0, 0.0, 73.0
22, 10, 0.7095876336097717, 1.0, 0.0, 37.0
22, 19, 0.7018402814865112, 1.0, 0.0, 57.0
22, 13, 0.7180032134056091, 1.0, 0.0, 34.0
22, 17, 0.4324948191642761, 1.0, 0.0, 10.0
22, 14, 0.7400117516517639, 1.0, 0.0, 35.0
22, 18, 0.583877682685852, 1.0, 0.0, 93.0
22, 16, 0.7328051924705505, 1.0, 0.0, 99.0
22, 7, 0.6611229777336121, 1.0, 0.0, 54.0
22, 21, 0.7128323912620544, 1.0, 0.0, 97.0
22, 5, 0.7120181322097778, 1.0, 0.0, 89.0
22, 0, 0.7632191181182861, 1.0, 0.0, 97.0
22, 15, 0.6971109509468079, 1.0, 0.0, 83.0
22, 2, 0.707057774066925, 1.0, 0.0, 93.0
22, 23, 0.7489461898803711, 1.0, 0.0, 93.0
22, 6, 0.5581755638122559, 1.0, 0.0, 53.0
22, 1, 0.7039621472358704, 1.0, 0.0, 14.0
22, 8, 0.7120230793952942, 1.0, 0.0, 16.0
22, 9, 0.6384615302085876, 1.0, 0.0, 80.0
23, 19, 0.6921403408050537, 1.0, 0.0, 31.0
23, 8, 0.7107980251312256, 1.0, 0.0, 25.0
23, 12, 0.7551319599151611, 1.0, 0.0, 53.0
23, 17, 0.4161757826805115, 1.0, 0.0, 27.0
23, 18, 0.5711605548858643, 1.0, 0.0, 87.0
23, 4, 0.619489312171936, 1.0, 0.0, 82.0
23, 21, 0.7140817642211914, 1.0, 0.0, 70.0
23, 10, 0.7070579528808594, 1.0, 0.0, 62.0
23, 16, 0.7301044464111328, 1.0, 0.0, 98.0
23, 22, 0.6677052974700928, 1.0, 0.0, 96.0
23, 3, 0.7006420493125916, 1.0, 0.0, 85.0
23, 13, 0.713931679725647, 1.0, 0.0, 83.0
23, 20, 0.6917386054992676, 1.0, 0.0, 79.0
23, 14, 0.7385818958282471, 1.0, 0.0, 98.0
23, 15, 0.6896209120750427, 1.0, 0.0, 65.0
23, 1, 0.6994706392288208, 1.0, 0.0, 37.0
23, 5, 0.7071341276168823, 1.0, 0.0, 59.0
23, 7, 0.6502552032470703, 1.0, 0.0, 99.0
23, 9, 0.6382943391799927, 1.0, 0.0, 20.0
23, 0, 0.761694610118866, 1.0, 0.0, 50.0
23, 2, 0.6944289207458496, 1.0, 0.0, 30.0
23, 23, 0.7478678822517395, 1.0, 0.0, 58.0
23, 11, 0.7294305562973022, 1.0, 0.0, 41.0
23, 6, 0.6208387613296509, 1.0, 0.0, 76.0
24, 19, 0.6934095025062561, 1.0, 0.0, 41.0
24, 7, 0.6585707068443298, 1.0, 0.0, 42.0
24, 23, 0.7510048151016235, 1.0, 0.0, 35.0
24, 15, 0.687939465045929, 1.0, 0.0, 44.0
24, 5, 0.7189952731132507, 1.0, 0.0, 98.0
24, 20, 0.695655345916748, 1.0, 0.0, 92.0
24, 21, 0.7177404761314392, 1.0, 0.0, 47.0
24, 1, 0.6916105151176453, 1.0, 0.0, 39.0
24, 0, 0.7623364925384521, 1.0, 0.0, 33.0
24, 10, 0.711442768573761, 1.0, 0.0, 31.0
24, 2, 0.695068359375, 1.0, 0.0, 27.0
24, 3, 0.7083110213279724, 1.0, 0.0, 75.0
24, 6, 0.5637238621711731, 1.0, 0.0, 40.0
24, 17, 0.42238497734069824, 1.0, 0.0, 26.0
24, 4, 0.63421630859375, 1.0, 0.0, 57.0
24, 14, 0.7367314100265503, 1.0, 0.0, 19.0
24, 9, 0.6308528184890747, 1.0, 0.0, 11.0
24, 18, 0.5788047313690186, 1.0, 0.0, 61.0
24, 12, 0.7695014476776123, 1.0, 0.0, 60.0
24, 22, 0.6672470569610596, 1.0, 0.0, 93.0
24, 8, 0.7130731344223022, 1.0, 0.0, 71.0
24, 11, 0.7292429208755493, 1.0, 0.0, 100.0
24, 16, 0.731904923915863, 1.0, 0.0, 46.0
24, 13, 0.7080899477005005, 1.0, 0.0, 58.0
25, 19, 0.6998459100723267, 1.0, 0.0, 48.0
25, 2, 0.7040204405784607, 1.0, 0.0, 89.0
25, 8, 0.7232236862182617, 1.0, 0.0, 89.0
25, 7, 0.6644162535667419, 1.0, 0.0, 91.0
25, 15, 0.6954295039176941, 1.0, 0.0, 31.0
25, 4, 0.6377546191215515, 1.0, 0.0, 50.0
25, 14, 0.7447220087051392, 1.0, 0.0, 79.0
25, 1, 0.6944177150726318, 1.0, 0.0, 59.0
25, 13, 0.7141972184181213, 1.0, 0.0, 39.0
25, 18, 0.6764419674873352, 1.0, 0.0, 64.0
25, 16, 0.7353258728981018, 1.0, 0.0, 85.0
25, 21, 0.7250580191612244, 1.0, 0.0, 75.0
25, 12, 0.7803518772125244, 1.0, 0.0, 30.0
25, 0, 0.7640215158462524, 1.0, 0.0, 24.0
25, 6, 0.5695985555648804, 1.0, 0.0, 71.0
25, 23, 0.7582589983940125, 1.0, 0.0, 46.0
25, 10, 0.7175140976905823, 1.0, 0.0, 82.0
25, 17, 0.42747971415519714, 1.0, 0.0, 60.0
25, 9, 0.6324414610862732, 1.0, 0.0, 46.0
25, 22, 0.6718291640281677, 1.0, 0.0, 23.0
25, 5, 0.723617672920227, 1.0, 0.0, 44.0
25, 20, 0.6978312730789185, 1.0, 0.0, 38.0
25, 3, 0.7106295824050903, 1.0, 0.0, 86.0
25, 11, 0.7330893874168396, 1.0, 0.0, 32.0
26, 11, 0.7309315800666809, 1.0, 0.0, 45.0
26, 3, 0.7126805782318115, 1.0, 0.0, 64.0
26, 9, 0.631605327129364, 1.0, 0.0, 98.0
26, 1, 0.705085039138794, 1.0, 0.0, 50.0
26, 4, 0.6376590132713318, 1.0, 0.0, 18.0
26, 22, 0.6701796054840088, 1.0, 0.0, 90.0
26, 7, 0.6670508980751038, 1.0, 0.0, 51.0
26, 0, 0.7634598612785339, 1.0, 0.0, 61.0
26, 17, 0.42604681849479675, 1.0, 0.0, 59.0
26, 15, 0.694665253162384, 1.0, 0.0, 80.0
26, 14, 0.7431238889694214, 1.0, 0.0, 35.0
26, 6, 0.562663197517395, 1.0, 0.0, 71.0
26, 13, 0.7227827906608582, 1.0, 0.0, 43.0
26, 5, 0.7175126671791077, 1.0, 0.0, 79.0
26, 20, 0.6867339015007019, 1.0, 0.0, 85.0
26, 19, 0.6967636942863464, 1.0, 0.0, 90.0
26, 16, 0.7381166815757751, 1.0, 0.0, 44.0
26, 10, 0.7244287133216858, 1.0, 0.0, 51.0
26, 12, 0.7842620015144348, 1.0, 0.0, 94.0
26, 18, 0.6878387928009033, 1.0, 0.0, 60.0
26, 2, 0.7049795985221863, 1.0, 0.0, 97.0
26, 8, 0.7230486273765564, 1.0, 0.0, 36.0
26, 21, 0.7232732176780701, 1.0, 0.0, 93.0
26, 23, 0.7658072710037231, 1.0, 0.0, 52.0
27, 10, 0.7256092429161072, 1.0, 0.0, 81.0
27, 2, 0.7040204405784607, 1.0, 0.0, 66.0
27, 9, 0.6337792873382568, 1.0, 0.0, 32.0
27, 18, 0.6694232225418091, 1.0, 0.0, 61.0
27, 8, 0.7224361300468445, 1.0, 0.0, 80.0
27, 5, 0.7237048745155334, 1.0, 0.0, 39.0
27, 6, 0.5672323703765869, 1.0, 0.0, 97.0
27, 14, 0.7470771074295044, 1.0, 0.0, 21.0
27, 13, 0.729863703250885, 1.0, 0.0, 15.0
27, 0, 0.7638610005378723, 1.0, 0.0, 58.0
27, 1, 0.7056464552879333, 1.0, 0.0, 29.0
27, 4, 0.6421535611152649, 1.0, 0.0, 70.0
27, 17, 0.4348033666610718, 1.0, 0.0, 55.0
27, 16, 0.7413575649261475, 1.0, 0.0, 86.0
27, 12, 0.7876833081245422, 1.0, 0.0, 77.0
27, 21, 0.726128876209259, 1.0, 0.0, 23.0
27, 20, 0.6880394816398621, 1.0, 0.0, 90.0
27, 7, 0.6654865741729736, 1.0, 0.0, 46.0
27, 11, 0.7358101010322571, 1.0, 0.0, 38.0
27, 22, 0.6689882874488831, 1.0, 0.0, 96.0
27, 15, 0.695658802986145, 1.0, 0.0, 79.0
27, 3, 0.7169609665870667, 1.0, 0.0, 90.0
27, 23, 0.7683560252189636, 1.0, 0.0, 88.0
27, 19, 0.6982141137123108, 1.0, 0.0, 54.0
28, 1, 0.6908084750175476, 1.0, 0.0, 38.0
28, 15, 0.6981809735298157, 1.0, 0.0, 96.0
28, 18, 0.6710215210914612, 1.0, 0.0, 36.0
28, 20, 0.6820918321609497, 1.0, 0.0, 42.0
28, 11, 0.7392813563346863, 1.0, 0.0, 69.0
28, 8, 0.7152607440948486, 1.0, 0.0, 46.0
28, 9, 0.6263377666473389, 1.0, 0.0, 90.0
28, 3, 0.7141965627670288, 1.0, 0.0, 23.0
28, 7, 0.6630989909172058, 1.0, 0.0, 38.0
28, 22, 0.6730205416679382, 1.0, 0.0, 22.0
28, 14, 0.7434603571891785, 1.0, 0.0, 24.0
28, 10, 0.7264524698257446, 1.0, 0.0, 54.0
28, 12, 0.786119282245636, 1.0, 0.0, 57.0
28, 13, 0.7257036566734314, 1.0, 0.0, 55.0
28, 2, 0.6995444297790527, 1.0, 0.0, 72.0
28, 21, 0.7243440747261047, 1.0, 0.0, 84.0
28, 4, 0.6480826139450073, 1.0, 0.0, 47.0
28, 16, 0.7396470904350281, 1.0, 0.0, 45.0
28, 6, 0.5696801543235779, 1.0, 0.0, 31.0
28, 19, 0.6959477663040161, 1.0, 0.0, 63.0
28, 5, 0.7220478057861328, 1.0, 0.0, 28.0
28, 17, 0.4262060225009918, 1.0, 0.0, 58.0
28, 23, 0.7617880702018738, 1.0, 0.0, 69.0
28, 0, 0.764583170413971, 1.0, 0.0, 53.0
29, 7, 0.6616169810295105, 1.0, 0.0, 56.0
29, 16, 0.7387468218803406, 1.0, 0.0, 79.0
29, 22, 0.6671554446220398, 1.0, 0.0, 95.0
29, 13, 0.7319879531860352, 1.0, 0.0, 50.0
29, 8, 0.7146482467651367, 1.0, 0.0, 58.0
29, 1, 0.685675323009491, 1.0, 0.0, 41.0
29, 6, 0.564784586429596, 1.0, 0.0, 45.0
29, 15, 0.69527667760849, 1.0, 0.0, 12.0
29, 11, 0.7341213822364807, 1.0, 0.0, 68.0
29, 19, 0.6802647113800049, 1.0, 0.0, 49.0
29, 18, 0.6829742789268494, 1.0, 0.0, 97.0
29, 0, 0.7619353532791138, 1.0, 0.0, 100.0
29, 17, 0.430504709482193, 1.0, 0.0, 49.0
29, 23, 0.7733555436134338, 1.0, 0.0, 41.0
29, 20, 0.6835424900054932, 1.0, 0.0, 37.0
29, 14, 0.7373201847076416, 1.0, 0.0, 80.0
29, 5, 0.7119309306144714, 1.0, 0.0, 61.0
29, 4, 0.6470307111740112, 1.0, 0.0, 77.0
29, 21, 0.7082812786102295, 1.0, 0.0, 47.0
29, 9, 0.6222407817840576, 1.0, 0.0, 94.0
29, 12, 0.789638340473175, 1.0, 0.0, 78.0
29, 10, 0.7301627397537231, 1.0, 0.0, 68.0
29, 3, 0.7096486687660217, 1.0, 0.0, 84.0
29, 2, 0.6961074471473694, 1.0, 0.0, 73.0
30, 4, 0.6466481685638428, 1.0, 0.0, 49.0
30, 23, 0.7618860602378845, 1.0, 0.0, 38.0
30, 3, 0.7176743149757385, 1.0, 0.0, 10.0
30, 13, 0.7244645357131958, 1.0, 0.0, 65.0
30, 6, 0.5729438662528992, 1.0, 0.0, 20.0
30, 21, 0.7213992476463318, 1.0, 0.0, 12.0
30, 11, 0.746692955493927, 1.0, 0.0, 87.0
30, 2, 0.693469762802124, 1.0, 0.0, 100.0
30, 12, 0.7841642498970032, 1.0, 0.0, 57.0
30, 16, 0.7481094598770142, 1.0, 0.0, 91.0
30, 22, 0.6760447025299072, 1.0, 0.0, 60.0
30, 15, 0.6987159848213196, 1.0, 0.0, 90.0
30, 10, 0.7271270751953125, 1.0, 0.0, 26.0
30, 8, 0.7173608541488647, 1.0, 0.0, 44.0
30, 17, 0.4332112669944763, 1.0, 0.0, 25.0
30, 1, 0.6997914910316467, 1.0, 0.0, 18.0
30, 9, 0.6331103444099426, 1.0, 0.0, 62.0
30, 14, 0.7430397868156433, 1.0, 0.0, 22.0
30, 7, 0.6639222502708435, 1.0, 0.0, 67.0
30, 5, 0.7114948630332947, 1.0, 0.0, 100.0
30, 0, 0.7676321864128113, 1.0, 0.0, 46.0
30, 19, 0.6941347122192383, 1.0, 0.0, 67.0
30, 20, 0.6816566586494446, 1.0, 0.0, 34.0
30, 18, 0.6454482078552246, 1.0, 0.0, 59.0
