1, 1, 1, 5.661588462, 47192, 1.202385663986206, 0.5418980717658997
1, 4, 1, 4.674975213000001, 47192, 1.2151645421981812, 0.5389470458030701
1, 3, 1, 4.964645345000001, 47192, 1.2275912761688232, 0.5171452760696411
1, 11, 1, 4.814106439, 47192, 1.1286801099777222, 0.5701552629470825
1, 5, 1, 5.054682981999999, 47192, 1.0901585817337036, 0.5957873463630676
1, 8, 1, 5.049406397, 47192, 1.0762888193130493, 0.5760260820388794
1, 9, 1, 5.317943681000001, 47192, 1.0927062034606934, 0.5829291939735413
1, 10, 1, 5.206909995, 47192, 1.0801225900650024, 0.5979381203651428
1, 2, 1, 5.479897837000001, 47192, 1.2062288522720337, 0.5485591888427734
1, 7, 1, 5.388673606999999, 47192, 1.284250020980835, 0.5185154676437378
1, 0, 1, 5.464333538, 47192, 1.0031441450119019, 0.6258099675178528
1, 6, 1, 5.427089583000001, 47192, 1.2215632200241089, 0.5259689688682556
1, 13, 1, 4.898242674999999, 47192, 1.003782868385315, 0.6452897787094116
1, 16, 1, 4.713578816, 47192, 1.019691824913025, 0.6114649772644043
1, 14, 1, 5.011095607, 47192, 0.9803373217582703, 0.6418177485466003
1, 23, 1, 4.419228141000001, 47192, 0.8557111620903015, 0.7009851932525635
1, 19, 1, 4.676948360000001, 47192, 1.1975539922714233, 0.5433117151260376
1, 22, 1, 4.665091366, 47192, 1.2732049226760864, 0.5039638876914978
1, 12, 1, 4.504494304000001, 47192, 0.9816582798957825, 0.6581616401672363
1, 17, 1, 5.2348661199999995, 47192, 1.384097695350647, 0.44106993079185486
1, 21, 1, 4.768746975999999, 47192, 1.2044529914855957, 0.5441077947616577
1, 15, 1, 5.419745082999999, 47192, 1.2839230298995972, 0.5064299702644348
1, 20, 1, 5.366051431999999, 47192, 1.1083259582519531, 0.5680115818977356
1, 18, 1, 5.518732008000001, 47192, 1.0787458419799805, 0.5961882472038269
2, 12, 1, 4.450533217, 47192, 0.7356559634208679, 0.7491262555122375
2, 11, 1, 4.613805332999998, 47192, 0.7967866063117981, 0.6958061456680298
2, 23, 1, 4.464594840000002, 47192, 0.6709961891174316, 0.7684295773506165
2, 4, 1, 4.514578113999999, 47192, 0.9860800504684448, 0.6452924013137817
2, 21, 1, 4.809699505000001, 47192, 0.8060434460639954, 0.6968675851821899
2, 3, 1, 4.796559304999999, 47192, 0.8315567970275879, 0.7007937431335449
2, 13, 1, 4.820676441, 47192, 0.7431281805038452, 0.7510455846786499
2, 8, 1, 4.854804539, 47192, 0.740924060344696, 0.7169204354286194
2, 9, 1, 5.000197998999999, 47192, 0.7613955140113831, 0.7135211825370789
2, 1, 1, 5.169514659000001, 47192, 0.8077643513679504, 0.7010887861251831
2, 6, 1, 5.136152665999999, 47192, 0.8669067025184631, 0.663810670375824
2, 18, 1, 5.485161484000001, 47192, 0.7826751470565796, 0.7251689434051514
3, 23, 1, 4.400225456000001, 47192, 0.5171424150466919, 0.8077149391174316
3, 12, 1, 4.431835286999998, 47192, 0.5520915985107422, 0.797785758972168
3, 4, 1, 4.503784363000001, 47192, 0.8091099262237549, 0.6968631744384766
3, 22, 1, 4.653156490000001, 47192, 0.7419750690460205, 0.6991568207740784
3, 13, 1, 4.812874931, 47192, 0.6102201342582703, 0.7830666899681091
3, 3, 1, 4.827614939, 47192, 0.6988781690597534, 0.7333229184150696
3, 10, 1, 5.005521727999998, 47192, 0.624576985836029, 0.7453882098197937
3, 9, 1, 5.035181198, 47192, 0.6599797606468201, 0.7371853590011597
3, 14, 1, 4.9491079399999975, 47192, 0.6011442542076111, 0.7772637605667114
3, 17, 1, 5.194082071, 47192, 0.7357742190361023, 0.707976758480072
3, 6, 1, 5.1007877499999985, 47192, 0.7165222764015198, 0.6998980045318604
3, 15, 1, 5.2967761379999985, 47192, 0.7579775452613831, 0.7164121866226196
4, 23, 1, 4.474758306000002, 47192, 0.479859858751297, 0.8186697363853455
4, 4, 1, 4.521482298999999, 47192, 0.7372793555259705, 0.7183809280395508
4, 16, 1, 4.735136235999999, 47192, 0.6159019470214844, 0.7398213148117065
4, 21, 1, 4.780831541000001, 47192, 0.643456220626831, 0.7366025447845459
4, 5, 1, 4.922643031000003, 47192, 0.6386843919754028, 0.7510356903076172
4, 8, 1, 4.902394210000001, 47192, 0.5982548594474792, 0.7555351257324219
4, 14, 1, 4.994097818999997, 47192, 0.5813639163970947, 0.781196117401123
4, 10, 1, 5.0497004190000006, 47192, 0.5806980133056641, 0.7576159834861755
4, 6, 1, 5.1380978110000015, 47192, 0.6685474514961243, 0.7163810729980469
4, 9, 1, 5.0689326359999995, 47192, 0.6308650970458984, 0.7482858300209045
4, 1, 1, 5.229251743999999, 47192, 0.6670175194740295, 0.7346954941749573
4, 0, 1, 5.135959790000001, 47192, 0.5751060247421265, 0.7813195586204529
5, 23, 1, 4.380603983999997, 47192, 0.4680459797382355, 0.8229585289955139
5, 4, 1, 4.477709941999997, 47192, 0.7282226085662842, 0.7273226976394653
5, 22, 1, 4.670660847999997, 47192, 0.6788978576660156, 0.7180368304252625
5, 8, 1, 4.861357743999996, 47192, 0.5869231820106506, 0.7586418390274048
5, 16, 1, 4.739956753999998, 47192, 0.6045829057693481, 0.744682788848877
5, 9, 1, 5.016635605000005, 47192, 0.6169474124908447, 0.7536165118217468
5, 5, 1, 4.889972530999998, 47192, 0.6070349812507629, 0.7627447843551636
5, 10, 1, 5.001643127999998, 47192, 0.5697968602180481, 0.7638142108917236
5, 14, 1, 4.980515264999994, 47192, 0.5638577342033386, 0.7865374088287354
5, 2, 1, 5.178362125, 47192, 0.595641016960144, 0.7649174928665161
5, 6, 1, 5.021590367999998, 47192, 0.6423891186714172, 0.7320277690887451
5, 17, 1, 5.079902687999997, 47192, 0.6794850826263428, 0.723759114742279
6, 12, 1, 4.452273780000006, 47192, 0.5037505626678467, 0.8134760856628418
6, 4, 1, 4.5261463909999975, 47192, 0.694337785243988, 0.7397790551185608
6, 13, 1, 4.821929845999996, 47192, 0.5557431578636169, 0.8016331195831299
6, 19, 1, 4.719646113000003, 47192, 0.60539710521698, 0.7506459355354309
6, 21, 1, 4.8052342490000015, 47192, 0.6141828298568726, 0.7531792521476746
6, 5, 1, 4.917922017999999, 47192, 0.5897892117500305, 0.7711176872253418
6, 8, 1, 4.8955357379999995, 47192, 0.5717946887016296, 0.7630174160003662
6, 14, 1, 4.998757396000002, 47192, 0.5521275401115417, 0.7912478446960449
6, 7, 1, 5.084539759000002, 47192, 0.6047078371047974, 0.7593503594398499
6, 6, 1, 5.114950338, 47192, 0.6144797205924988, 0.7445124387741089
6, 0, 1, 5.192420177999999, 47192, 0.5394274592399597, 0.7999358177185059
6, 17, 1, 5.170131427000001, 47192, 0.6613573431968689, 0.7311626672744751
7, 12, 1, 4.435909396, 47192, 0.4982118010520935, 0.8174842000007629
7, 11, 1, 4.588404304000001, 47192, 0.616071343421936, 0.7520288825035095
7, 13, 1, 4.822092341999998, 47192, 0.5436843037605286, 0.8078514933586121
7, 22, 1, 4.666577636999996, 47192, 0.6456912755966187, 0.735198438167572
7, 3, 1, 4.768889045000002, 47192, 0.6531858444213867, 0.7458975911140442
7, 5, 1, 4.847485924999994, 47192, 0.5771798491477966, 0.7773973941802979
7, 6, 1, 5.093405546, 47192, 0.595380961894989, 0.7563035488128662
7, 17, 1, 5.215284388000001, 47192, 0.6423831582069397, 0.7398200631141663
7, 1, 1, 5.192683325000004, 47192, 0.613970160484314, 0.7557297945022583
7, 2, 1, 5.159683721999997, 47192, 0.5507044196128845, 0.7902761697769165
7, 15, 1, 5.277445648000004, 47192, 0.6739983558654785, 0.7430111169815063
7, 18, 1, 5.5886894389999995, 47192, 0.5304753184318542, 0.8012821674346924
8, 19, 1, 4.720728616999999, 47192, 0.5813795328140259, 0.7650604844093323
8, 11, 1, 4.5914899349999985, 47192, 0.6021414399147034, 0.7553830146789551
8, 16, 1, 4.727367192999999, 47192, 0.5789816975593567, 0.7546758055686951
8, 22, 1, 4.684781854000001, 47192, 0.6320868730545044, 0.7423471808433533
8, 3, 1, 4.819461660000002, 47192, 0.6452209949493408, 0.750044584274292
8, 8, 1, 4.879677196000003, 47192, 0.5643044710159302, 0.769143283367157
8, 5, 1, 4.899698818999994, 47192, 0.561022937297821, 0.7826958894729614
8, 7, 1, 5.06531691, 47192, 0.5815753936767578, 0.772071361541748
8, 1, 1, 5.167017447999996, 47192, 0.5975193381309509, 0.7621663808822632
8, 2, 1, 5.136552275999996, 47192, 0.5346608757972717, 0.7965309023857117
8, 20, 1, 5.449840907000002, 47192, 0.6254611611366272, 0.7537038922309875
8, 18, 1, 5.5507658530000015, 47192, 0.5081768035888672, 0.8127660155296326
9, 12, 1, 4.435806334000006, 47192, 0.49658697843551636, 0.8226165175437927
9, 4, 1, 4.494364539999992, 47192, 0.6864144206047058, 0.7492468953132629
9, 22, 1, 4.614366795000002, 47192, 0.6163023710250854, 0.7467464208602905
9, 19, 1, 4.725994759000002, 47192, 0.5616140365600586, 0.7736956477165222
9, 13, 1, 4.847240916000004, 47192, 0.5476171374320984, 0.8075195550918579
9, 3, 1, 4.771205763000012, 47192, 0.6345329880714417, 0.75011146068573
9, 5, 1, 4.883753095000003, 47192, 0.5460762977600098, 0.7877545952796936
9, 10, 1, 4.957864480000012, 47192, 0.5413413047790527, 0.7815234065055847
9, 17, 1, 5.132200044000001, 47192, 0.6238872408866882, 0.7418898940086365
9, 1, 1, 5.103411718999993, 47192, 0.5752887725830078, 0.7747388482093811
9, 2, 1, 5.166599149999996, 47192, 0.5195702314376831, 0.8000079989433289
9, 0, 1, 5.143962729000009, 47192, 0.5118498206138611, 0.8097454309463501
10, 23, 1, 4.384443462000007, 47192, 0.4444108009338379, 0.8345505595207214
10, 4, 1, 4.543276724999998, 47192, 0.6255937218666077, 0.7641897201538086
10, 11, 1, 4.624499772000007, 47192, 0.5852644443511963, 0.7664070725440979
10, 5, 1, 4.839328198000004, 47192, 0.531548261642456, 0.7955824136734009
10, 19, 1, 4.732383968999997, 47192, 0.5570318102836609, 0.7784778475761414
10, 21, 1, 4.751122207999998, 47192, 0.5650140047073364, 0.7761813402175903
10, 3, 1, 4.807830190999994, 47192, 0.627929151058197, 0.7541024088859558
10, 8, 1, 4.870000712000007, 47192, 0.5485779643058777, 0.7765380144119263
10, 13, 1, 4.735638174000002, 47192, 0.5251392722129822, 0.8163048624992371
10, 7, 1, 5.008709816999996, 47192, 0.5713930726051331, 0.7742533087730408
10, 20, 1, 5.3983713889999905, 47192, 0.6083723306655884, 0.7612295150756836
10, 15, 1, 5.155915140999994, 47192, 0.643277108669281, 0.7555270791053772
11, 4, 1, 4.607877885999997, 47192, 0.6133531928062439, 0.7660306692123413
11, 11, 1, 4.691006330999997, 47192, 0.5768495798110962, 0.7713796496391296
11, 12, 1, 4.643101367, 47192, 0.4807945191860199, 0.8263802528381348
11, 3, 1, 4.955829769999994, 47192, 0.6233142614364624, 0.7553286552429199
11, 21, 1, 4.936705622000005, 47192, 0.5548178553581238, 0.7775868773460388
11, 5, 1, 5.005648417999993, 47192, 0.5139061212539673, 0.801731288433075
11, 10, 1, 5.163419404999999, 47192, 0.5162827372550964, 0.7912423610687256
11, 6, 1, 5.300691489000002, 47192, 0.5487147569656372, 0.7745410203933716
11, 14, 1, 5.169868945999994, 47192, 0.5308883190155029, 0.7988812923431396
11, 17, 1, 5.397437230999998, 47192, 0.6174477338790894, 0.7490347623825073
11, 0, 1, 5.354410106000003, 47192, 0.4935835003852844, 0.8169872760772705
11, 1, 1, 5.36352821700001, 47192, 0.5548408627510071, 0.7843636870384216
12, 23, 1, 4.525609689999996, 47192, 0.43654879927635193, 0.8380550742149353
12, 4, 1, 4.635475771000003, 47192, 0.5829164981842041, 0.7779610753059387
12, 22, 1, 4.755873086999998, 47192, 0.5918344855308533, 0.7555906772613525
12, 21, 1, 4.937376548000003, 47192, 0.5490741729736328, 0.781201183795929
12, 8, 1, 4.956301955000001, 47192, 0.5305889844894409, 0.7826420068740845
12, 5, 1, 4.985244546000004, 47192, 0.502377986907959, 0.8072042465209961
12, 7, 1, 5.218905898000003, 47192, 0.5582450032234192, 0.7786788940429688
12, 6, 1, 5.274068166000006, 47192, 0.537612795829773, 0.7809873223304749
12, 17, 1, 5.312356438000009, 47192, 0.6085227131843567, 0.7502089738845825
12, 1, 1, 5.337320329000008, 47192, 0.5398157238960266, 0.7895370125770569
12, 15, 1, 5.453611565000003, 47192, 0.6346526741981506, 0.7554124593734741
12, 18, 1, 5.688622522999992, 47192, 0.4907870292663574, 0.8214701414108276
13, 23, 1, 4.410452125000006, 47192, 0.43371763825416565, 0.8391088843345642
13, 11, 1, 4.617963376000006, 47192, 0.5565736293792725, 0.777947187423706
13, 22, 1, 4.719298897999991, 47192, 0.5769667625427246, 0.7644578814506531
13, 16, 1, 4.765689606000009, 47192, 0.5520285367965698, 0.7692602276802063
13, 13, 1, 4.834106129000006, 47192, 0.52808678150177, 0.8148664236068726
13, 8, 1, 4.915485556999997, 47192, 0.5227301120758057, 0.7871269583702087
13, 3, 1, 4.832099370000009, 47192, 0.6113163828849792, 0.7616159915924072
13, 5, 1, 4.867940819999987, 47192, 0.49859121441841125, 0.8076621294021606
13, 7, 1, 5.0596213930000005, 47192, 0.5585712790489197, 0.7811078429222107
13, 17, 1, 5.186226622999996, 47192, 0.5991665124893188, 0.7563785910606384
13, 15, 1, 5.269016690000001, 47192, 0.6175963282585144, 0.7639347910881042
13, 20, 1, 5.388000402999992, 47192, 0.5970582365989685, 0.7688820362091064
14, 12, 1, 4.457317693000007, 47192, 0.46845129132270813, 0.8309260010719299
14, 22, 1, 4.676365520999994, 47192, 0.5670432448387146, 0.7669782638549805
14, 19, 1, 4.723778246000009, 47192, 0.5284404754638672, 0.7901726961135864
14, 16, 1, 4.767206899000001, 47192, 0.5371044278144836, 0.777025043964386
14, 10, 1, 5.039043891000006, 47192, 0.5105426907539368, 0.7966394424438477
14, 9, 1, 5.035120757999991, 47192, 0.5734599232673645, 0.7745630741119385
14, 6, 1, 5.086464852000006, 47192, 0.5244641304016113, 0.781517744064331
14, 7, 1, 5.155770359000002, 47192, 0.5537664294242859, 0.7824457883834839
14, 0, 1, 5.222930366, 47192, 0.4823082387447357, 0.8188930749893188
14, 2, 1, 5.2309448900000035, 47192, 0.4880004823207855, 0.8120378851890564
14, 1, 1, 5.223339172999999, 47192, 0.5230799913406372, 0.7982996106147766
14, 20, 1, 5.4916284779999955, 47192, 0.5787618160247803, 0.7732886075973511
15, 4, 1, 4.622154440000003, 47192, 0.602016031742096, 0.7740161418914795
15, 23, 1, 4.534843021, 47192, 0.42360883951187134, 0.8445005416870117
15, 19, 1, 4.799235307999993, 47192, 0.5203983783721924, 0.7930510640144348
15, 16, 1, 4.845652148999989, 47192, 0.5337247848510742, 0.7808287143707275
15, 5, 1, 4.979453147000001, 47192, 0.4903720021247864, 0.8094282746315002
15, 3, 1, 4.891469779999994, 47192, 0.5953764319419861, 0.765852153301239
15, 7, 1, 5.2347220269999895, 47192, 0.540828287601471, 0.7872831225395203
15, 10, 1, 5.098153477000011, 47192, 0.49098068475723267, 0.8050302267074585
15, 0, 1, 5.3300630770000055, 47192, 0.46962693333625793, 0.8236674666404724
15, 17, 1, 5.331202637000004, 47192, 0.590699315071106, 0.7609760165214539
15, 20, 1, 5.500476473000006, 47192, 0.5668181777000427, 0.7774956822395325
15, 18, 1, 5.740659937000004, 47192, 0.4648902416229248, 0.8316857218742371
16, 23, 1, 4.481881575000003, 47192, 0.41732338070869446, 0.8461670279502869
16, 19, 1, 4.798260049000007, 47192, 0.5159486532211304, 0.7944563031196594
16, 11, 1, 4.715607334999987, 47192, 0.5378657579421997, 0.7879860997200012
16, 8, 1, 4.999143673000006, 47192, 0.5095295906066895, 0.7923777103424072
16, 21, 1, 4.8966941630000065, 47192, 0.5319046974182129, 0.788496732711792
16, 3, 1, 4.869483015, 47192, 0.5925813317298889, 0.7701997756958008
16, 10, 1, 5.1242447910000095, 47192, 0.4853151738643646, 0.8070330619812012
16, 7, 1, 5.222602215000009, 47192, 0.5454611778259277, 0.787262499332428
16, 2, 1, 5.302653491000001, 47192, 0.4794785678386688, 0.8146756887435913
16, 9, 1, 5.380353817, 47192, 0.5714856386184692, 0.775169312953949
16, 15, 1, 5.426543867000007, 47192, 0.6062875986099243, 0.7691131830215454
16, 18, 1, 5.581364567999998, 47192, 0.4511873424053192, 0.8375579714775085
17, 4, 1, 4.612364241999998, 47192, 0.5713491439819336, 0.78518146276474
17, 12, 1, 4.8044973109999916, 47192, 0.45815056562423706, 0.835154116153717
17, 3, 1, 4.819656929000004, 47192, 0.5888680815696716, 0.7719388008117676
17, 19, 1, 4.760488847000005, 47192, 0.5107319355010986, 0.7974933385848999
17, 21, 1, 4.921425919000001, 47192, 0.5253485441207886, 0.7913524508476257
17, 16, 1, 4.870839283000009, 47192, 0.5241451263427734, 0.7821791172027588
17, 8, 1, 4.978569547000006, 47192, 0.5042353868484497, 0.7960313558578491
17, 10, 1, 5.0357481329999985, 47192, 0.4763287901878357, 0.8134210109710693
17, 6, 1, 5.2583624579999935, 47192, 0.5098633766174316, 0.7884944677352905
17, 2, 1, 5.2865805240000014, 47192, 0.4667357802391052, 0.8194116950035095
17, 17, 1, 5.308199986999995, 47192, 0.5800226330757141, 0.7631652355194092
17, 20, 1, 5.4370552040000035, 47192, 0.5646973848342896, 0.7796899080276489
18, 23, 1, 4.430645029999994, 47192, 0.4169575870037079, 0.845603346824646
18, 4, 1, 4.538385842999986, 47192, 0.5645855665206909, 0.7872136831283569
18, 16, 1, 4.824658097999986, 47192, 0.5153234601020813, 0.7899664640426636
18, 21, 1, 4.810408888000012, 47192, 0.517673909664154, 0.7946990132331848
18, 19, 1, 4.734444265999997, 47192, 0.5097218155860901, 0.7976519465446472
18, 3, 1, 4.809317169999986, 47192, 0.5854385495185852, 0.7723624110221863
18, 13, 1, 4.805514566999989, 47192, 0.4936002194881439, 0.8280776143074036
18, 5, 1, 4.895362957999993, 47192, 0.4890936315059662, 0.814814031124115
18, 6, 1, 5.1668680459999905, 47192, 0.5028337240219116, 0.7906568646430969
18, 17, 1, 5.214780149999996, 47192, 0.5762424468994141, 0.7668670415878296
18, 2, 1, 5.18050488099999, 47192, 0.4624861180782318, 0.8219495415687561
18, 15, 1, 5.301218205000026, 47192, 0.5964494943618774, 0.7722469568252563
19, 12, 1, 4.475682999000014, 47192, 0.4488244354724884, 0.8407019376754761
19, 8, 1, 4.820146353999974, 47192, 0.500195324420929, 0.7962063550949097
19, 5, 1, 4.881400697000004, 47192, 0.47433987259864807, 0.8185207843780518
19, 13, 1, 4.882689734999985, 47192, 0.4869598150253296, 0.8303348422050476
19, 14, 1, 5.043443212, 47192, 0.4940693974494934, 0.8149051666259766
19, 7, 1, 5.161588036999973, 47192, 0.5265306234359741, 0.7956402897834778
19, 1, 1, 5.252672050000001, 47192, 0.5081002116203308, 0.804254949092865
19, 6, 1, 5.1530345169999805, 47192, 0.4951367974281311, 0.7970012426376343
19, 2, 1, 5.270075601000002, 47192, 0.45405733585357666, 0.8242076635360718
19, 15, 1, 5.458841284000016, 47192, 0.5831330418586731, 0.7775781750679016
19, 20, 1, 5.593181369999996, 47192, 0.5514898896217346, 0.7846042513847351
19, 18, 1, 5.723668637000003, 47192, 0.44484013319015503, 0.8393821716308594
20, 23, 1, 4.383580031000008, 47192, 0.40242618322372437, 0.851803719997406
20, 12, 1, 4.399095303999985, 47192, 0.4399600625038147, 0.8433658480644226
20, 11, 1, 4.595922664, 47192, 0.5116199254989624, 0.8001126050949097
20, 21, 1, 4.756647170000008, 47192, 0.5088191032409668, 0.7967069745063782
20, 5, 1, 4.796564212000021, 47192, 0.4675329625606537, 0.8223147988319397
20, 8, 1, 4.815503148999994, 47192, 0.4982711374759674, 0.7995755672454834
20, 10, 1, 5.018085898999999, 47192, 0.4710976481437683, 0.8136318325996399
20, 7, 1, 5.087125932999982, 47192, 0.5274048447608948, 0.7953315377235413
20, 0, 1, 5.151491206000003, 47192, 0.4634788930416107, 0.824790894985199
20, 17, 1, 5.110280938999978, 47192, 0.5703871846199036, 0.7666082978248596
20, 1, 1, 5.102136411999993, 47192, 0.5025321245193481, 0.8073830604553223
20, 15, 1, 5.267150947999994, 47192, 0.5739287734031677, 0.7823171019554138
21, 23, 1, 4.393677395999987, 47192, 0.40232762694358826, 0.8515831828117371
21, 4, 1, 4.510858833999976, 47192, 0.5512279272079468, 0.7905848026275635
21, 16, 1, 4.771758381000012, 47192, 0.5038763284683228, 0.7917895317077637
21, 21, 1, 4.842699008000011, 47192, 0.5030810832977295, 0.7995181083679199
21, 5, 1, 4.887115639000001, 47192, 0.46439462900161743, 0.8241463303565979
21, 14, 1, 5.072737063999995, 47192, 0.48765984177589417, 0.8161879181861877
21, 9, 1, 5.050492560999999, 47192, 0.5537884831428528, 0.7794129848480225
21, 7, 1, 5.1020495770000025, 47192, 0.5251286029815674, 0.796216607093811
21, 0, 1, 5.227302113999997, 47192, 0.4590419828891754, 0.8259343504905701
21, 2, 1, 5.204165807999999, 47192, 0.4446669816970825, 0.8318012952804565
21, 15, 1, 5.364646214999993, 47192, 0.5636754035949707, 0.7863680720329285
21, 20, 1, 5.486050401999989, 47192, 0.5464916825294495, 0.7873243093490601
22, 12, 1, 4.353636543000022, 47192, 0.4344063103199005, 0.8432925343513489
22, 22, 1, 4.669043058, 47192, 0.5338819026947021, 0.7821006178855896
22, 19, 1, 4.697614654999995, 47192, 0.49953892827033997, 0.8015502691268921
22, 3, 1, 4.769757040000002, 47192, 0.5764793753623962, 0.7761526703834534
22, 13, 1, 4.823152120000003, 47192, 0.4745248258113861, 0.8334993124008179
22, 9, 1, 5.040742178000016, 47192, 0.5438052415847778, 0.7833430767059326
22, 10, 1, 4.998274785000007, 47192, 0.460061639547348, 0.8174055814743042
22, 6, 1, 5.191741362000016, 47192, 0.4859834909439087, 0.7983068227767944
22, 7, 1, 5.093668739000009, 47192, 0.513217031955719, 0.8018772602081299
22, 14, 1, 5.031941183000015, 47192, 0.4758046567440033, 0.8232955932617188
22, 2, 1, 5.230902312000012, 47192, 0.43909722566604614, 0.8324607610702515
22, 18, 1, 5.621305137999997, 47192, 0.42956438660621643, 0.8460188508033752
23, 12, 1, 4.460336021000018, 47192, 0.4356008768081665, 0.8458586931228638
23, 16, 1, 4.846634480000006, 47192, 0.5064155459403992, 0.792892336845398
23, 13, 1, 4.960480504000003, 47192, 0.46308058500289917, 0.8373055458068848
23, 4, 1, 4.974083102999998, 47192, 0.5303846001625061, 0.803017258644104
23, 11, 1, 5.0115094070000055, 47192, 0.504722535610199, 0.8022470474243164
23, 8, 1, 4.972342375000011, 47192, 0.4962421655654907, 0.800538182258606
23, 22, 1, 5.1479391199999895, 47192, 0.524358868598938, 0.7859270572662354
23, 9, 1, 5.127210319999989, 47192, 0.5374639630317688, 0.7847645878791809
23, 21, 1, 5.2191969260000235, 47192, 0.499439537525177, 0.8014591336250305
23, 1, 1, 5.269128476999981, 47192, 0.49357059597969055, 0.811714231967926
23, 6, 1, 5.2109140000000025, 47192, 0.47993671894073486, 0.8027947545051575
23, 20, 1, 5.512595068000024, 47192, 0.532066285610199, 0.7932360172271729
24, 23, 1, 4.624642526000002, 47192, 0.3864879906177521, 0.8586413264274597
24, 19, 1, 4.880697416999993, 47192, 0.4929403066635132, 0.804179310798645
24, 22, 1, 4.883938805999975, 47192, 0.5223843455314636, 0.7861332893371582
24, 21, 1, 4.969951750000007, 47192, 0.49119219183921814, 0.8048502802848816
24, 10, 1, 5.1929258650000065, 47192, 0.45088908076286316, 0.8203571438789368
24, 14, 1, 5.266579331000003, 47192, 0.4716474115848541, 0.8220970034599304
24, 1, 1, 5.4286141559999805, 47192, 0.47669529914855957, 0.8177297711372375
24, 2, 1, 5.481590823999994, 47192, 0.435908704996109, 0.8330602049827576
24, 6, 1, 5.333423331999995, 47192, 0.4719853699207306, 0.8070379495620728
24, 0, 1, 5.605289818000017, 47192, 0.4473875164985657, 0.8296656012535095
24, 15, 1, 5.631571511000004, 47192, 0.5553943514823914, 0.7918521761894226
24, 18, 1, 5.922811842000016, 47192, 0.4201359152793884, 0.8491982221603394
25, 23, 1, 4.505861995999993, 47192, 0.3833279013633728, 0.8596706390380859
25, 22, 1, 4.688385562999997, 47192, 0.5152425765991211, 0.791838526725769
25, 16, 1, 4.829353175000023, 47192, 0.5011112093925476, 0.7926447987556458
25, 13, 1, 4.879038159000004, 47192, 0.46585747599601746, 0.8369736075401306
25, 21, 1, 4.865369996999988, 47192, 0.4844413995742798, 0.8065682053565979
25, 9, 1, 5.089658368000016, 47192, 0.5396220684051514, 0.784304678440094
25, 10, 1, 5.1091421909999895, 47192, 0.4425434172153473, 0.8245103359222412
25, 6, 1, 5.187593247999985, 47192, 0.46058815717697144, 0.8090167045593262
25, 0, 1, 5.254093699000009, 47192, 0.43772321939468384, 0.8329154253005981
25, 2, 1, 5.291822875000008, 47192, 0.4284555912017822, 0.8366572260856628
25, 15, 1, 5.412169197999987, 47192, 0.5412323474884033, 0.7985401153564453
25, 18, 1, 5.651022294000001, 47192, 0.41050171852111816, 0.8512830138206482
26, 4, 1, 4.5839926210000215, 47192, 0.5321044921875, 0.8003873229026794
26, 19, 1, 4.778591828000003, 47192, 0.48557156324386597, 0.8061964511871338
26, 13, 1, 4.898554781999991, 47192, 0.45624691247940063, 0.8414437174797058
26, 5, 1, 4.909206810000001, 47192, 0.46051153540611267, 0.8271989822387695
26, 10, 1, 5.0923877919999825, 47192, 0.44606900215148926, 0.8239833116531372
26, 14, 1, 5.063708169999984, 47192, 0.4682076573371887, 0.8243891000747681
26, 6, 1, 5.1840756900000144, 47192, 0.45742860436439514, 0.813178300857544
26, 7, 1, 5.226554427999986, 47192, 0.5123822093009949, 0.8018978834152222
26, 0, 1, 5.3144990010000015, 47192, 0.429219514131546, 0.8394150137901306
26, 1, 1, 5.2614260109999975, 47192, 0.4672040045261383, 0.8210583329200745
26, 20, 1, 5.62648442599999, 47192, 0.5316098928451538, 0.7947592735290527
26, 18, 1, 5.707247989999985, 47192, 0.40414342284202576, 0.855695903301239
27, 11, 1, 4.632405712999997, 47192, 0.49426212906837463, 0.8070554137229919
27, 4, 1, 4.528257314000001, 47192, 0.506994903087616, 0.8104528188705444
27, 19, 1, 4.763457246999991, 47192, 0.4777621626853943, 0.8121118545532227
27, 13, 1, 4.846485016000003, 47192, 0.4523637890815735, 0.8429484963417053
27, 5, 1, 4.928274355999974, 47192, 0.44679906964302063, 0.8339148163795471
27, 9, 1, 5.058848941999997, 47192, 0.5314772725105286, 0.7875449657440186
27, 7, 1, 5.155118216999995, 47192, 0.5041307806968689, 0.8064469695091248
27, 14, 1, 5.054559675000007, 47192, 0.45708152651786804, 0.8291416168212891
27, 10, 1, 5.000080553000004, 47192, 0.4457387626171112, 0.8239833116531372
27, 2, 1, 5.196192109999998, 47192, 0.42219293117523193, 0.8420127034187317
27, 20, 1, 5.507381313999986, 47192, 0.523822009563446, 0.7976970076560974
27, 18, 1, 5.615044562999998, 47192, 0.40217679738998413, 0.8560259938240051
28, 12, 1, 4.4601851549999765, 47192, 0.41671234369277954, 0.8506977558135986
28, 4, 1, 4.570060847999997, 47192, 0.4845147728919983, 0.8181753158569336
28, 22, 1, 4.73120661599998, 47192, 0.5046082735061646, 0.7951608300209045
28, 16, 1, 4.773723467999986, 47192, 0.4951746165752411, 0.7974837422370911
28, 5, 1, 4.883452842999986, 47192, 0.44115856289863586, 0.8346779346466064
28, 21, 1, 4.831566374999994, 47192, 0.4916876554489136, 0.8055865168571472
28, 14, 1, 5.049736419999988, 47192, 0.45717182755470276, 0.8271018266677856
28, 0, 1, 5.241095231000003, 47192, 0.4236113131046295, 0.8408794403076172
28, 1, 1, 5.26636556599999, 47192, 0.4656033217906952, 0.823143720626831
28, 15, 1, 5.442324490000004, 47192, 0.5428329110145569, 0.7964382171630859
28, 20, 1, 5.538425681999996, 47192, 0.5162698030471802, 0.8022667765617371
28, 18, 1, 5.653351087999994, 47192, 0.39693683385849, 0.8583714365959167
29, 11, 1, 4.576402652000013, 47192, 0.4867169260978699, 0.8133180141448975
29, 12, 1, 4.444956318999999, 47192, 0.41458600759506226, 0.8504045009613037
29, 19, 1, 4.751154200999991, 47192, 0.4789445102214813, 0.8096641302108765
29, 21, 1, 4.803207769000011, 47192, 0.4775324761867523, 0.8095800876617432
29, 8, 1, 4.873244486999994, 47192, 0.48880627751350403, 0.8035573363304138
29, 3, 1, 4.83000655699999, 47192, 0.5738152265548706, 0.7765762805938721
29, 13, 1, 4.858847450999974, 47192, 0.45652270317077637, 0.8419084548950195
29, 9, 1, 5.04509728299999, 47192, 0.527101457118988, 0.787670373916626
29, 0, 1, 5.225632185999984, 47192, 0.4231373965740204, 0.8404180407524109
29, 2, 1, 5.191969037999996, 47192, 0.42099085450172424, 0.8385156393051147
29, 6, 1, 5.0683792209999865, 47192, 0.45261552929878235, 0.813994288444519
29, 15, 1, 5.272876027999985, 47192, 0.5407139658927917, 0.8009477853775024
30, 11, 1, 4.852587137, 47192, 0.48082414269447327, 0.8151475191116333
30, 23, 1, 5.035390227000022, 47192, 0.37656405568122864, 0.8625869750976562
30, 3, 1, 5.143049203000004, 47192, 0.5634965300559998, 0.7805671691894531
30, 19, 1, 5.3202735649999795, 47192, 0.47202378511428833, 0.813698410987854
30, 13, 1, 5.1308177329999864, 47192, 0.44757089018821716, 0.8454490900039673
30, 14, 1, 5.223276249000008, 47192, 0.45901453495025635, 0.8291626572608948
30, 5, 1, 5.466230244999991, 47192, 0.4376235008239746, 0.8366621732711792
30, 7, 1, 5.501762363000012, 47192, 0.49919021129608154, 0.8086906671524048
30, 1, 1, 5.763684905000019, 47192, 0.4520912766456604, 0.8283170461654663
30, 2, 1, 5.792709395000003, 47192, 0.4126932621002197, 0.8457096219062805
30, 18, 1, 6.263232509999995, 47192, 0.394354909658432, 0.8596049547195435
30, 20, 1, 6.044768091000009, 47192, 0.5150365233421326, 0.8006165623664856
31, 12, 1, 4.5259246589999975, 47192, 0.4120809733867645, 0.8502822518348694
31, 11, 1, 4.736518055000005, 47192, 0.47904127836227417, 0.8164376020431519
31, 4, 1, 4.678808988000014, 47192, 0.49712806940078735, 0.8157844543457031
31, 21, 1, 4.951007487999988, 47192, 0.4704657196998596, 0.8137744665145874
31, 5, 1, 5.0281955209999865, 47192, 0.4290885031223297, 0.8394749760627747
31, 14, 1, 5.158983747000008, 47192, 0.45021387934684753, 0.8337679505348206
31, 10, 1, 5.175887818999996, 47192, 0.44017186760902405, 0.8269137740135193
31, 8, 1, 4.945644963999996, 47192, 0.4844818711280823, 0.8054826259613037
31, 9, 1, 5.089284140000018, 47192, 0.5191160440444946, 0.7906179428100586
31, 0, 1, 5.227387818000011, 47192, 0.41613250970840454, 0.843346893787384
31, 15, 1, 5.479628431000009, 47192, 0.5267225503921509, 0.8047503232955933
31, 20, 1, 5.591850695000005, 47192, 0.5086737275123596, 0.8038806915283203
32, 23, 1, 4.51449475299998, 47192, 0.3740473687648773, 0.8643760681152344
32, 4, 1, 4.578767153999991, 47192, 0.4789227247238159, 0.8210682272911072
32, 11, 1, 4.690186049000005, 47192, 0.4735383987426758, 0.8193225860595703
32, 3, 1, 4.8802089790000025, 47192, 0.5615479350090027, 0.7809016108512878
32, 8, 1, 4.919525828000019, 47192, 0.4828498661518097, 0.8041262030601501
32, 19, 1, 4.808618440000004, 47192, 0.47506988048553467, 0.8111599683761597
32, 21, 1, 4.882204455999982, 47192, 0.4695308804512024, 0.814153790473938
32, 13, 1, 4.8986526070000025, 47192, 0.447975218296051, 0.8444754481315613
32, 9, 1, 5.128435889000002, 47192, 0.5189563632011414, 0.790847897529602
32, 10, 1, 5.0387031879999995, 47192, 0.43022340536117554, 0.8301604390144348
32, 14, 1, 5.092109442000009, 47192, 0.44532912969589233, 0.8332001566886902
32, 1, 1, 5.254863768999996, 47192, 0.4504414498806, 0.8292394280433655
33, 11, 1, 4.613162581000012, 47192, 0.4693973958492279, 0.8204015493392944
33, 22, 1, 4.686770217000003, 47192, 0.4909391701221466, 0.8008890151977539
33, 21, 1, 4.815260732000013, 47192, 0.4624204933643341, 0.8180580735206604
33, 13, 1, 4.899382682999999, 47192, 0.4395754933357239, 0.8477727174758911
33, 3, 1, 4.866192450999989, 47192, 0.5542218089103699, 0.7828859090805054
33, 9, 1, 5.0847902600000054, 47192, 0.5086356997489929, 0.796805739402771
33, 2, 1, 5.223511355999989, 47192, 0.41145893931388855, 0.8458095192909241
33, 6, 1, 5.209056791999984, 47192, 0.4517109990119934, 0.8164422512054443
33, 17, 1, 5.306170461000022, 47192, 0.547555685043335, 0.7758030295372009
33, 15, 1, 5.447767698999996, 47192, 0.5245193839073181, 0.8074828386306763
33, 20, 1, 5.562206961999976, 47192, 0.5014709830284119, 0.8068909049034119
33, 18, 1, 5.763754707000004, 47192, 0.39507362246513367, 0.8585451245307922
34, 23, 1, 4.4824342059999935, 47192, 0.3720642328262329, 0.8638123869895935
34, 19, 1, 4.737598467999987, 47192, 0.4675750732421875, 0.8149675726890564
34, 8, 1, 4.945972544, 47192, 0.4803835153579712, 0.8078673481941223
34, 5, 1, 4.940136985999999, 47192, 0.4276553690433502, 0.8409140706062317
34, 3, 1, 4.851139667000012, 47192, 0.55516117811203, 0.7822170853614807
34, 10, 1, 5.061270939999986, 47192, 0.42695602774620056, 0.8313199877738953
34, 7, 1, 5.186984550999995, 47192, 0.49029240012168884, 0.813651442527771
34, 6, 1, 5.206250699000009, 47192, 0.44156330823898315, 0.8179518580436707
34, 17, 1, 5.290520017000006, 47192, 0.5261316895484924, 0.783903181552887
34, 2, 1, 5.283156673000008, 47192, 0.3937683403491974, 0.8538227677345276
34, 15, 1, 5.371878987999992, 47192, 0.5102435350418091, 0.810998797416687
34, 18, 1, 5.657085542000004, 47192, 0.38662099838256836, 0.86122065782547
35, 4, 1, 4.512821399000018, 47192, 0.4762880206108093, 0.8225744962692261
35, 12, 1, 4.454330478000003, 47192, 0.41465240716934204, 0.8491580486297607
35, 3, 1, 4.835928311000032, 47192, 0.5495213270187378, 0.7867653369903564
35, 22, 1, 4.717396694999991, 47192, 0.47713756561279297, 0.8093437552452087
35, 19, 1, 4.70692797800001, 47192, 0.4630512297153473, 0.8171207308769226
35, 21, 1, 4.814692933000032, 47192, 0.4618106186389923, 0.818437397480011
35, 10, 1, 5.036258515999975, 47192, 0.4199291169643402, 0.8350304365158081
35, 5, 1, 4.90525743500001, 47192, 0.4207828640937805, 0.8447080254554749
35, 0, 1, 5.171813513999979, 47192, 0.41344866156578064, 0.843106210231781
35, 17, 1, 5.1889674300000195, 47192, 0.5208732485771179, 0.7874457836151123
35, 2, 1, 5.160900652999999, 47192, 0.3865361213684082, 0.8566403985023499
35, 1, 1, 5.125569413000022, 47192, 0.44648149609565735, 0.8320466876029968
36, 23, 1, 4.4747227660000135, 47192, 0.365705281496048, 0.8657729625701904
36, 4, 1, 4.529467193999977, 47192, 0.46786242723464966, 0.8297948837280273
36, 5, 1, 4.899897269000007, 47192, 0.41165024042129517, 0.8464524149894714
36, 19, 1, 4.783769339999992, 47192, 0.45898035168647766, 0.8195684552192688
36, 8, 1, 4.879982888999962, 47192, 0.4775764048099518, 0.8051544427871704
36, 21, 1, 4.824437197999998, 47192, 0.45373111963272095, 0.8208022713661194
36, 9, 1, 5.046770137999999, 47192, 0.5160983800888062, 0.791412353515625
36, 1, 1, 5.199117676000014, 47192, 0.4358852207660675, 0.8359367251396179
36, 10, 1, 5.057358857999986, 47192, 0.4127880334854126, 0.8360635042190552
36, 6, 1, 5.187738512999999, 47192, 0.4365934133529663, 0.8214810490608215
36, 7, 1, 5.136382744999992, 47192, 0.4865841269493103, 0.8148453235626221
36, 18, 1, 5.513520516999989, 47192, 0.3842909634113312, 0.863705039024353
37, 12, 1, 4.6225147250000305, 47192, 0.4055337905883789, 0.8528973460197449
37, 19, 1, 4.910697281000012, 47192, 0.46143239736557007, 0.819047212600708
37, 21, 1, 4.937819503000014, 47192, 0.4493371844291687, 0.8218731880187988
37, 22, 1, 4.896121352000023, 47192, 0.47066041827201843, 0.812070369720459
37, 5, 1, 5.054787342999987, 47192, 0.4122154116630554, 0.8480223417282104
37, 13, 1, 5.013750346999984, 47192, 0.44576478004455566, 0.8445639610290527
37, 3, 1, 4.992899716000011, 47192, 0.552108645439148, 0.7864309549331665
37, 11, 1, 4.818787092999969, 47192, 0.4751085937023163, 0.8181967735290527
37, 14, 1, 5.055027027000051, 47192, 0.45487111806869507, 0.8301089406013489
37, 9, 1, 5.249467432000017, 47192, 0.5073859691619873, 0.7963458299636841
37, 0, 1, 5.293565037999997, 47192, 0.4109902083873749, 0.8465967178344727
37, 2, 1, 5.285301668000045, 47192, 0.38859081268310547, 0.8575796484947205
38, 4, 1, 4.60042396800003, 47192, 0.4737291932106018, 0.8280495405197144
38, 11, 1, 4.735134113000015, 47192, 0.4662969708442688, 0.82295823097229
38, 22, 1, 4.793544016000055, 47192, 0.4682810604572296, 0.8126890063285828
38, 16, 1, 4.870459455000002, 47192, 0.48363956809043884, 0.8025477528572083
38, 8, 1, 5.002625904000013, 47192, 0.47621437907218933, 0.8075172901153564
38, 13, 1, 4.926179575999981, 47192, 0.4396560490131378, 0.8477063179016113
38, 10, 1, 5.116995360999965, 47192, 0.40886154770851135, 0.8385933637619019
38, 14, 1, 5.167357965000008, 47192, 0.4464032053947449, 0.8334104418754578
38, 0, 1, 5.356556670999964, 47192, 0.40140894055366516, 0.8483620285987854
38, 17, 1, 5.327486383999997, 47192, 0.524028480052948, 0.7867292761802673
38, 2, 1, 5.328974109000001, 47192, 0.38944047689437866, 0.8555613160133362
38, 18, 1, 5.712411556999996, 47192, 0.38282841444015503, 0.8628537654876709
39, 22, 1, 4.7834525370000165, 47192, 0.4623401463031769, 0.8162633776664734
39, 21, 1, 4.845030120999979, 47192, 0.4498010575771332, 0.8228771686553955
39, 13, 1, 4.905034416000035, 47192, 0.43813860416412354, 0.8488791584968567
39, 8, 1, 4.972265451999988, 47192, 0.47377121448516846, 0.8104270696640015
39, 3, 1, 4.925431913000011, 47192, 0.5498639345169067, 0.7870106101036072
39, 10, 1, 5.129738387000032, 47192, 0.40304556488990784, 0.8422617316246033
39, 7, 1, 5.171179818999974, 47192, 0.48246797919273376, 0.8159980177879333
39, 9, 1, 5.106863057000055, 47192, 0.5138849020004272, 0.7922903299331665
39, 1, 1, 5.296905994999975, 47192, 0.4319474995136261, 0.8382226228713989
39, 2, 1, 5.336781016000032, 47192, 0.37870094180107117, 0.8621757626533508
39, 0, 1, 5.300547979999976, 47192, 0.4027674198150635, 0.8476799726486206
39, 20, 1, 5.5316707050000105, 47192, 0.5037676095962524, 0.8072354793548584
40, 23, 1, 4.489627680999945, 47192, 0.3683485984802246, 0.8648416996002197
40, 4, 1, 4.591260886999976, 47192, 0.4569763243198395, 0.8337158560752869
40, 11, 1, 4.651899326999967, 47192, 0.4634714722633362, 0.8273443579673767
40, 3, 1, 4.903259876999982, 47192, 0.543066143989563, 0.7891510128974915
40, 13, 1, 4.878724845000022, 47192, 0.43232885003089905, 0.8514903783798218
40, 8, 1, 4.944043831999977, 47192, 0.47227999567985535, 0.8118491172790527
40, 21, 1, 4.820710683000016, 47192, 0.4494074285030365, 0.8221185803413391
40, 10, 1, 5.059562139999969, 47192, 0.4003921449184418, 0.8416925072669983
40, 9, 1, 5.089162822999981, 47192, 0.5034446716308594, 0.7962413430213928
40, 1, 1, 5.15809436699999, 47192, 0.42142555117607117, 0.8426340222358704
40, 20, 1, 5.4912790209999685, 47192, 0.4954415261745453, 0.8100462555885315
40, 18, 1, 5.575510332000022, 47192, 0.37846827507019043, 0.8633228540420532
41, 12, 1, 4.470208684999989, 47192, 0.40225085616111755, 0.8547303080558777
41, 4, 1, 4.5722870870000065, 47192, 0.44377192854881287, 0.8368479013442993
41, 16, 1, 4.774222369000029, 47192, 0.4809986352920532, 0.8007247447967529
41, 13, 1, 4.948746105999987, 47192, 0.42930859327316284, 0.8505167365074158
41, 5, 1, 4.950700524000013, 47192, 0.4153278172016144, 0.8457546830177307
41, 10, 1, 5.099777732999996, 47192, 0.3924397826194763, 0.8453186750411987
41, 8, 1, 5.003525712999988, 47192, 0.4688839912414551, 0.8103176951408386
41, 1, 1, 5.286231140999973, 47192, 0.41575831174850464, 0.8456417322158813
41, 6, 1, 5.215782009999998, 47192, 0.43511685729026794, 0.8219910264015198
41, 0, 1, 5.257755740999983, 47192, 0.3995853364467621, 0.85072922706604
41, 20, 1, 5.622621762999984, 47192, 0.4906940758228302, 0.8102094531059265
41, 18, 1, 5.694995656000003, 47192, 0.3744491636753082, 0.8669191598892212
42, 4, 1, 4.637116996000032, 47192, 0.43768057227134705, 0.8391191959381104
42, 12, 1, 4.554323496999984, 47192, 0.3960614502429962, 0.8543881773948669
42, 11, 1, 4.763970257999972, 47192, 0.45938971638679504, 0.8285171389579773
42, 22, 1, 4.796896755999967, 47192, 0.4674922227859497, 0.8138575553894043
42, 13, 1, 4.982780510999987, 47192, 0.4260958433151245, 0.852773904800415
42, 8, 1, 4.994046612000034, 47192, 0.46981924772262573, 0.8126586079597473
42, 14, 1, 5.132618670999989, 47192, 0.44549933075904846, 0.8338730931282043
42, 7, 1, 5.288880234999965, 47192, 0.47863584756851196, 0.8164302706718445
42, 6, 1, 5.2747671549999495, 47192, 0.4289136230945587, 0.8245205879211426
42, 17, 1, 5.312541856999985, 47192, 0.5230346918106079, 0.784281313419342
42, 15, 1, 5.544552567999972, 47192, 0.5115936398506165, 0.8120688796043396
42, 20, 1, 5.683298906999994, 47192, 0.48212331533432007, 0.816846489906311
43, 23, 1, 4.59394792400002, 47192, 0.3646649420261383, 0.8668267726898193
43, 4, 1, 4.790893285000038, 47192, 0.43416672945022583, 0.8405297994613647
43, 22, 1, 4.7964687459999595, 47192, 0.46153321862220764, 0.8167216777801514
43, 11, 1, 4.689915858999996, 47192, 0.45071858167648315, 0.8313552737236023
43, 5, 1, 4.980606159000047, 47192, 0.4042779207229614, 0.850311815738678
43, 14, 1, 5.120582949999971, 47192, 0.4431440830230713, 0.8343356847763062
43, 0, 1, 5.365539654000031, 47192, 0.402034193277359, 0.8508495688438416
43, 8, 1, 5.376643633000015, 47192, 0.4661019444465637, 0.8153933882713318
43, 1, 1, 5.314518046999979, 47192, 0.41752251982688904, 0.8440977931022644
43, 6, 1, 5.416899753999985, 47192, 0.4263094663619995, 0.8268870115280151
43, 7, 1, 5.355634605999967, 47192, 0.4797208309173584, 0.8160803318023682
43, 18, 1, 5.7124810939999975, 47192, 0.379815012216568, 0.8636008501052856
44, 11, 1, 4.838387012999988, 47192, 0.45175042748451233, 0.8307453989982605
44, 22, 1, 4.9998405700000035, 47192, 0.45576542615890503, 0.8190587759017944
44, 3, 1, 5.066483816000016, 47192, 0.5444451570510864, 0.7901765704154968
44, 8, 1, 5.105807169000002, 47192, 0.46677684783935547, 0.8130961656570435
44, 5, 1, 5.182137610999973, 47192, 0.4073023200035095, 0.8498975038528442
44, 21, 1, 5.0826491340000075, 47192, 0.44999852776527405, 0.8233010768890381
44, 10, 1, 5.317343871999981, 47192, 0.39960813522338867, 0.8427044749259949
44, 2, 1, 5.55210708300001, 47192, 0.3728434145450592, 0.8623955845832825
44, 6, 1, 5.324362800000017, 47192, 0.4286844730377197, 0.8258057832717896
44, 15, 1, 5.651710299999991, 47192, 0.503686249256134, 0.8141899108886719
44, 0, 1, 5.6834028429999535, 47192, 0.39439743757247925, 0.8529358506202698
44, 20, 1, 5.8937093320000145, 47192, 0.4799782931804657, 0.8176987767219543
45, 23, 1, 4.656314460000033, 47192, 0.3643987774848938, 0.8669493198394775
45, 3, 1, 5.018761615000017, 47192, 0.5432944893836975, 0.7907339930534363
45, 21, 1, 4.9786015120000116, 47192, 0.44334229826927185, 0.8256213665008545
45, 19, 1, 5.013223630000027, 47192, 0.449282169342041, 0.8266850709915161
45, 22, 1, 4.934776541999952, 47192, 0.45370179414749146, 0.8194940686225891
45, 10, 1, 5.285842454000033, 47192, 0.3958420753479004, 0.8448548316955566
45, 14, 1, 5.2876646650000225, 47192, 0.433205246925354, 0.8394877314567566
45, 9, 1, 5.312619149, 47192, 0.5183420181274414, 0.7937118411064148
45, 6, 1, 5.373254256999985, 47192, 0.4158519208431244, 0.8341493010520935
45, 0, 1, 5.484492905000025, 47192, 0.39290767908096313, 0.8517522811889648
45, 17, 1, 5.4463572930000055, 47192, 0.513504147529602, 0.7906301021575928
45, 15, 1, 5.586127568999984, 47192, 0.49615347385406494, 0.8193491697311401
46, 23, 1, 4.494136264000019, 47192, 0.3619658350944519, 0.8670718669891357
46, 12, 1, 4.539498648999995, 47192, 0.3979611098766327, 0.852384090423584
46, 11, 1, 4.684736296999972, 47192, 0.448915034532547, 0.8319650888442993
46, 22, 1, 4.745048972999996, 47192, 0.4515606164932251, 0.820364773273468
46, 13, 1, 4.878964268000004, 47192, 0.43444594740867615, 0.8496536612510681
46, 3, 1, 4.840998257000024, 47192, 0.5385204553604126, 0.7920048236846924
46, 19, 1, 4.8276611, 47192, 0.44730302691459656, 0.8264811038970947
46, 21, 1, 4.8634348539999905, 47192, 0.43900012969970703, 0.8271384835243225
46, 14, 1, 5.087999910999997, 47192, 0.43120276927948, 0.8400765657424927
46, 0, 1, 5.196159942999998, 47192, 0.3897070288658142, 0.8557844758033752
46, 2, 1, 5.249508551999952, 47192, 0.37575259804725647, 0.8613364696502686
46, 6, 1, 5.167660839000007, 47192, 0.4105716645717621, 0.835352897644043
47, 12, 1, 4.411550589000001, 47192, 0.3952535092830658, 0.8526040315628052
47, 11, 1, 4.596552604999999, 47192, 0.44428563117980957, 0.8359290957450867
47, 19, 1, 4.72306560200002, 47192, 0.4422004818916321, 0.8298807740211487
47, 8, 1, 4.874913993000007, 47192, 0.4693549871444702, 0.8128992915153503
47, 9, 1, 5.0114663320000545, 47192, 0.5072843432426453, 0.7957395911216736
47, 10, 1, 5.064303769999981, 47192, 0.3930361270904541, 0.8435688018798828
47, 7, 1, 5.1472134790000155, 47192, 0.4817216992378235, 0.8137543201446533
47, 14, 1, 5.0075272139999925, 47192, 0.4291808009147644, 0.8394877314567566
47, 6, 1, 5.16807295000001, 47192, 0.410562127828598, 0.8354141116142273
47, 1, 1, 5.209994037999991, 47192, 0.41674405336380005, 0.8423131704330444
47, 17, 1, 5.2797950679999985, 47192, 0.5162056088447571, 0.7898340225219727
47, 20, 1, 5.491464541000028, 47192, 0.48142173886299133, 0.8181702494621277
48, 4, 1, 4.551572709999959, 47192, 0.44498586654663086, 0.8371108770370483
48, 22, 1, 4.709919312000011, 47192, 0.45060139894485474, 0.8204793334007263
48, 19, 1, 4.78513772499997, 47192, 0.4388654828071594, 0.8287702202796936
48, 8, 1, 4.909343115000013, 47192, 0.46745193004608154, 0.8123741745948792
48, 9, 1, 5.029948778999994, 47192, 0.4925907850265503, 0.8008403778076172
48, 5, 1, 4.905989379999994, 47192, 0.4072657823562622, 0.8495704531669617
48, 10, 1, 5.097371460999966, 47192, 0.3875969648361206, 0.847722053527832
48, 7, 1, 5.130131677999998, 47192, 0.4719321131706238, 0.8190033435821533
48, 2, 1, 5.28532002899999, 47192, 0.36818766593933105, 0.8643739223480225
48, 1, 1, 5.2220270629999845, 47192, 0.40901800990104675, 0.8463034629821777
48, 20, 1, 5.488366384000017, 47192, 0.4757610261440277, 0.8204370141029358
48, 18, 1, 5.676427091999983, 47192, 0.36918288469314575, 0.8675272464752197
49, 11, 1, 4.858162134999986, 47192, 0.44604066014289856, 0.8346390128135681
49, 22, 1, 5.057068780000009, 47192, 0.447704553604126, 0.8234350681304932
49, 13, 1, 5.141504389000033, 47192, 0.42992663383483887, 0.8517780900001526
49, 3, 1, 5.1051342009999985, 47192, 0.5368476510047913, 0.7922946810722351
49, 16, 1, 5.128877869000007, 47192, 0.4717659652233124, 0.8061038255691528
49, 5, 1, 5.23123194599998, 47192, 0.39544832706451416, 0.8547381162643433
49, 7, 1, 5.431051524999987, 47192, 0.47392094135284424, 0.8179123401641846
49, 2, 1, 5.591451769999992, 47192, 0.3650079369544983, 0.8674313426017761
49, 21, 1, 5.4544395009999675, 47192, 0.4386650323867798, 0.830061137676239
49, 0, 1, 5.564652368999987, 47192, 0.3930230736732483, 0.8527352809906006
49, 10, 1, 5.267021216999979, 47192, 0.38673916459083557, 0.8490502238273621
49, 8, 1, 5.535386987000038, 47192, 0.4621872901916504, 0.8141244649887085
50, 11, 1, 4.9695946100000015, 47192, 0.4407541751861572, 0.8374771475791931
50, 3, 1, 5.122511706000012, 47192, 0.53254234790802, 0.7925844788551331
50, 19, 1, 5.3563919480000095, 47192, 0.44039037823677063, 0.829858124256134
50, 5, 1, 5.244739163999952, 47192, 0.39235296845436096, 0.8575509190559387
50, 9, 1, 5.346377705999998, 47192, 0.4982195794582367, 0.7997324466705322
50, 22, 1, 5.2626362560000075, 47192, 0.444809228181839, 0.8246036171913147
50, 13, 1, 5.20606024600005, 47192, 0.42415720224380493, 0.8543450832366943
50, 6, 1, 5.361757928000031, 47192, 0.41202932596206665, 0.8357405066490173
50, 0, 1, 5.631849750000015, 47192, 0.3855303227901459, 0.8576300144195557
50, 1, 1, 5.821053612000014, 47192, 0.40531548857688904, 0.8500331044197083
50, 15, 1, 5.9959868400000005, 47192, 0.5008915662765503, 0.8156230449676514
50, 20, 1, 6.027471460000015, 47192, 0.4715128242969513, 0.8222867250442505
